DEFAULT_base,DEFAULT_edit,beta,dM_base,dM_edit,excess,feasible,gain_DEFAULT,gain_DEFAULT_ci,gain_dM,gain_dM_ci,gain_lid,gain_lid_ci,kl_offdecision,lam,leak_am,leak_bn,leak_de,leak_es,leak_fr,leak_hi,leak_max,leak_mr,leak_ne,leak_sw,leak_te,leak_ur,leak_zh,lid_base,lid_edit,n,util_nll,util_nll_all,variant
0.0,0.0,0.0,-0.39926090836524963,-0.38234540820121765,0.0,True,0.0,"[0.0, 0.0]",0.01691547781229019,"[0.0004868458636337891, 0.03478028842982893]",0.0,"[0.0, 0.0]",0.012380998581647873,2.0,8.858551669987946e-10,1.3483578698014753e-09,2.179705916205421e-06,4.118196557101328e-07,7.269363777595572e-08,3.961615391290252e-08,2.3652946765650995e-06,5.984841067174784e-09,2.8158151366142192e-09,2.3652946765650995e-06,2.4867690129326547e-09,1.3305395896168193e-08,6.589639269805048e-07,0.0,0.0,64,0.018091974686831325,0.01838873171006883,full
0.0,0.0,0.5,-0.39926090836524963,-0.3853953182697296,0.0,True,0.0,"[0.0, 0.0]",0.013865579850971699,"[-0.007415832455444615, 0.034461289871615]",0.0,"[0.0, 0.0]",0.019320566207170486,2.0,1.9810606488590565e-08,6.548585673726848e-08,1.754212280502543e-05,9.105062417802401e-06,2.243995368189644e-05,3.814639626398275e-07,4.034794255858287e-05,1.0173080511322041e-07,4.863277069944161e-08,4.034794255858287e-05,6.394368057272004e-08,2.635863438626984e-07,1.1907859516213648e-05,0.0,0.0,64,0.02089270465075943,0.02513840706390713,full
0.0,0.0,1.0,-0.39926090836524963,-0.37536540627479553,0.0,True,0.0,"[0.0, 0.0]",0.02389547787606716,"[-0.0033741580471541963, 0.05066050959976564]",0.0,"[0.0, 0.0]",0.027798691764473915,2.0,2.74894802032577e-07,4.431686193129281e-06,4.385543434182182e-05,2.8187307179905474e-05,3.541470141499303e-05,5.721144407289103e-05,0.0006238125497475266,8.034281563595869e-06,1.4725593246112112e-05,0.0002772908774204552,6.201479664014187e-06,5.67046990909148e-05,0.0006238125497475266,0.0,0.0,64,0.017069753003306598,0.04034676848078611,full
0.0,0.296875,0.0,-0.39926090836524963,-0.09944558143615723,0.0,True,0.296875,"[0.1875, 0.40625]",0.29981529712677,"[0.24429250615357886, 0.3565045350173023]",0.78125,"[0.6875, 0.875]",0.06105135753750801,4.0,5.854697064933134e-07,2.6502084438106976e-05,0.0002551240613684058,0.0018725777044892311,0.00024983123876154423,0.00023100594989955425,0.00431807478889823,4.409269604366273e-05,3.27586276398506e-05,0.0006297481013461947,2.3840095309424214e-05,0.0014671995304524899,0.00431807478889823,0.0,0.78125,64,0.06838519137818366,0.06941818273984479,full
0.0,0.5625,0.5,-0.39926090836524963,0.019248243421316147,0.0,True,0.5625,"[0.4375, 0.6875]",0.4185091257095337,"[0.3646259429806378, 0.4709904868534067]",0.890625,"[0.8125, 0.953125]",0.07281480729579926,4.0,6.68367647449486e-07,9.696335837361403e-06,0.0002868331503123045,3.678532812045887e-05,0.00016191315080504864,0.00026621035067364573,0.004102921113371849,3.3408618037356064e-05,4.7936417104210705e-05,0.00014345395902637392,2.0972631318727508e-05,0.004102921113371849,0.0037175482138991356,0.0,0.890625,64,0.07837337602395555,0.09603814448595527,full
0.0,0.65625,1.0,-0.39926090836524963,0.05611482262611389,0.0,True,0.65625,"[0.53125, 0.765625]",0.45537570118904114,"[0.4046541811781935, 0.5064450758509337]",0.921875,"[0.84375, 0.984375]",0.08854780346155167,4.0,5.818586714667617e-07,1.197514393425081e-05,0.00021621496125590056,3.0266211979323998e-05,0.00017102991114370525,0.00025578378699719906,0.005436733830720186,4.149930100538768e-05,4.0549148252466694e-05,0.00020908299484290183,2.116305950039532e-05,0.005436733830720186,0.0030448180623352528,0.0,0.921875,64,0.0882970429956913,0.12476949719987651,full
0.0,0.875,0.0,-0.39926090836524963,0.20571735501289368,0.054189290071371854,False,0.875,"[0.78125, 0.953125]",0.6049782633781433,"[0.5446489776310045, 0.6633352390490472]",0.96875,"[0.921875, 1.0]",0.2743387818336487,6.0,6.60211867398175e-08,2.8711710911011323e-06,0.0001505653199274093,4.183518103673123e-05,2.9304432246135548e-05,0.00014836850459687412,0.02334754168987274,4.325415284256451e-05,2.1011241187807173e-05,0.0019409817177802324,0.00021304335677996278,0.02334754168987274,0.002795853652060032,0.0,0.96875,64,0.1931951750768346,0.20503057154442894,full
0.0,0.875,0.5,-0.39926090836524963,0.19305433332920074,0.0793718975619413,False,0.875,"[0.78125, 0.953125]",0.5923151969909668,"[0.5383721175225219, 0.6444354846491477]",0.9375,"[0.875, 0.984375]",0.2934800386428833,6.0,7.543034286072725e-08,3.320625637570629e-06,0.00012267797137610614,4.18798481405247e-05,3.2538402592763305e-05,0.00014589079364668578,0.02523159235715866,3.888954597641714e-05,2.15490745176794e-05,0.0010297914268448949,1.4573302905773744e-05,0.02523159235715866,0.0037142010405659676,0.0,0.9375,64,0.21837778256740403,0.2709344204596045,full
0.0,0.875,1.0,-0.39926090836524963,0.18594150245189667,0.10721059167990488,False,0.875,"[0.78125, 0.953125]",0.5852023363113403,"[0.5321724386813003, 0.634221410129976]",0.921875,"[0.84375, 0.984375]",0.31576502323150635,6.0,9.034656756057302e-08,3.9740225474815816e-06,0.00010428897803649306,4.057007754454389e-05,3.671592639875598e-05,0.00014587897749152035,0.021662436425685883,4.05688515456859e-05,2.335775388928596e-05,0.00025232078041881323,1.4237339200917631e-05,0.021662436425685883,0.0034150099381804466,0.0,0.921875,64,0.237521917349659,0.3175808706227139,full
0.0,0.984375,0.0,-0.39926090836524963,0.3635185658931732,0.6930747097008862,False,0.984375,"[0.953125, 1.0]",0.7627794742584229,"[0.7160895291366615, 0.8059910003677941]",0.984375,"[0.953125, 1.0]",0.6469601988792419,8.0,2.3051416775388134e-08,5.340916231943993e-06,-2.406701423751656e-05,2.060433644146542e-06,3.2105501304613426e-05,0.000702890451066196,0.0056794192641973495,0.00015235460887197405,0.00012686231639236212,9.927667997544631e-05,2.655360549397301e-05,0.0028125641401857138,0.0056794192641973495,0.0,0.984375,64,0.49219085972290477,0.45993321840109447,full
0.0,1.0,0.5,-0.39926090836524963,0.36455315351486206,0.7644300980144183,False,1.0,"[1.0, 1.0]",0.7638140320777893,"[0.7165018765837885, 0.806902421975974]",1.0,"[1.0, 1.0]",0.6686781644821167,8.0,2.516880925895748e-08,5.754628546128515e-06,-2.673521521501243e-06,2.5367360194650246e-06,2.919756298069842e-05,0.0007369931554421782,0.006199601572006941,0.0001569065498188138,0.00012972015247214586,0.00010147354623768479,2.899622813856695e-05,0.00313768582418561,0.006199601572006941,0.0,1.0,64,0.5418282824335621,0.5439339431785268,full
0.0,1.0,1.0,-0.39926090836524963,0.3675314784049988,0.8208455947809852,False,1.0,"[1.0, 1.0]",0.7667924165725708,"[0.7203549562487751, 0.8088282020180485]",1.0,"[1.0, 1.0]",0.680385410785675,8.0,2.5214673016193956e-08,5.349786533770384e-06,-4.228934631100856e-05,2.8247184218344046e-06,2.8149454010417685e-05,0.0008060462423600256,0.006288085598498583,0.00015571598487440497,0.00013218159438110888,0.0001023799559334293,3.06131478282623e-05,0.004746377933770418,0.006288085598498583,0.0,1.0,64,0.5865365328965706,0.5977582729309501,full
0.0,0.0,0.0,-0.39926090836524963,0.24546995759010315,2.148085143195931,False,0.0,"[0.0, 0.0]",0.6447308659553528,"[0.5974644395639188, 0.6883927947492338]",0.0,"[0.0, 0.0]",1.3208739757537842,12.0,1.9506389836720928e-09,1.0779342574096518e-06,-4.890803393209353e-05,-1.3451774520945037e-06,1.4471504982793704e-05,0.00028881311300210655,0.002010839059948921,5.19142959092278e-05,5.378418791224249e-05,0.00013162833056412637,1.1439567970228381e-05,0.001365732285194099,0.002010839059948921,0.0,0.0,64,1.2732875163434074,1.1112103890150022,full
0.0,0.0,0.5,-0.39926090836524963,0.2647128105163574,2.175621207582299,False,0.0,"[0.0, 0.0]",0.6639736890792847,"[0.617960107815452, 0.7078130220179446]",0.0,"[0.0, 0.0]",1.339194416999817,12.0,3.5774914142194802e-09,1.4559652754542185e-06,-4.8620247980579734e-05,-1.1601313190112705e-06,1.6256586604868062e-05,0.0004152716137468815,0.0024190701078623533,5.73225952393841e-05,7.95685118646361e-05,0.0001802768383640796,1.6880198018043302e-05,0.0022334083914756775,0.0024190701078623533,0.0,0.0,64,1.2825031394837425,1.1454298637322418,full
0.0,0.03125,1.0,-0.39926090836524963,0.29421359300613403,2.190235747920815,False,0.03125,"[0.0, 0.078125]",0.693474531173706,"[0.6465745071531274, 0.7366118684178218]",0.03125,"[0.0, 0.078125]",1.3461616039276123,12.0,5.511440193117778e-09,1.841682092162955e-06,-4.822455230168998e-05,-7.59482418288826e-07,1.9100521967629902e-05,0.0005406711134128273,0.0029198722913861275,6.447040505008772e-05,0.00010449091496411711,0.00022305504535324872,2.254564969916828e-05,0.002831550082191825,0.0029198722913861275,0.0,0.03125,64,1.2901504928944632,1.1573193966754558,full
0.0,0.0,0.0,-0.39926090836524963,0.10803204029798508,3.0654324968927544,False,0.0,"[0.0, 0.0]",0.5072929263114929,"[0.46229568059789017, 0.5501784741936717]",0.0,"[0.0, 0.0]",1.6745579242706299,16.0,1.8627321907160876e-10,5.320241029949102e-07,-4.919654020341113e-05,-1.1317605412841658e-06,1.0154863048228435e-05,0.00024086071061901748,0.0012881546281278133,3.8536785723408684e-05,4.301821536500938e-05,0.00022267697204370052,8.234525921579916e-06,0.0011081572156399488,0.0012881546281278133,0.0,0.0,64,1.836950921523385,1.59972765741969,full
0.0,0.0,0.5,-0.39926090836524963,0.17781095206737518,3.003091873752419,False,0.0,"[0.0, 0.0]",0.5770717859268188,"[0.5305766467528883, 0.6202058803930413]",0.0,"[0.0, 0.0]",1.6372106075286865,16.0,2.5148743088010406e-09,1.190796069749922e-06,-4.85052187286783e-05,-3.623563316068612e-08,1.5387116945930757e-05,0.0005390332662500441,0.0022410964593291283,6.170044071041048e-05,8.947910828283057e-05,0.0003777100646402687,1.817119846236892e-05,0.0022410964593291283,0.0020746728405356407,0.0,0.0,64,1.8119576151249928,1.5508997468553352,full
0.0,0.0,1.0,-0.39926090836524963,0.2648819386959076,3.012744142638985,False,0.0,"[0.0, 0.0]",0.6641428470611572,"[0.6175424062646926, 0.7081747896736488]",0.0,"[0.0, 0.0]",1.6308256387710571,16.0,4.959950672400737e-09,2.139172011084156e-06,-4.760682350024581e-05,1.4733207081008004e-06,2.2148640709929168e-05,0.000990955508314073,0.0032082595862448215,8.946508023655042e-05,0.0001312682288698852,0.0005213493714109063,3.07330847135745e-05,0.0027206153608858585,0.0032082595862448215,0.0,0.0,64,1.8279948527691885,1.510893022755429,full
0.0,0.0,0.0,-0.39926090836524963,-0.38234540820121765,0.0,True,0.0,"[0.0, 0.0]",0.01691547781229019,"[0.0004868458636337891, 0.03478028842982893]",0.0,"[0.0, 0.0]",0.012380998581647873,2.0,8.858551669987946e-10,1.3483578698014753e-09,2.179705916205421e-06,4.118196557101328e-07,7.269363777595572e-08,3.961615391290252e-08,2.3652946765650995e-06,5.984841067174784e-09,2.8158151366142192e-09,2.3652946765650995e-06,2.4867690129326547e-09,1.3305395896168193e-08,6.589639269805048e-07,0.0,0.0,64,0.018091974686831325,0.01838873171006883,pos_only
0.0,0.296875,0.0,-0.39926090836524963,-0.09944558143615723,0.0,True,0.296875,"[0.1875, 0.40625]",0.29981529712677,"[0.24429250615357886, 0.3565045350173023]",0.78125,"[0.6875, 0.875]",0.06105135753750801,4.0,5.854697064933134e-07,2.6502084438106976e-05,0.0002551240613684058,0.0018725777044892311,0.00024983123876154423,0.00023100594989955425,0.00431807478889823,4.409269604366273e-05,3.27586276398506e-05,0.0006297481013461947,2.3840095309424214e-05,0.0014671995304524899,0.00431807478889823,0.0,0.78125,64,0.06838519137818366,0.06941818273984479,pos_only
0.0,0.875,0.0,-0.39926090836524963,0.20571735501289368,0.054189290071371854,False,0.875,"[0.78125, 0.953125]",0.6049782633781433,"[0.5446489776310045, 0.6633352390490472]",0.96875,"[0.921875, 1.0]",0.2743387818336487,6.0,6.60211867398175e-08,2.8711710911011323e-06,0.0001505653199274093,4.183518103673123e-05,2.9304432246135548e-05,0.00014836850459687412,0.02334754168987274,4.325415284256451e-05,2.1011241187807173e-05,0.0019409817177802324,0.00021304335677996278,0.02334754168987274,0.002795853652060032,0.0,0.96875,64,0.1931951750768346,0.20503057154442894,pos_only
0.0,0.984375,0.0,-0.39926090836524963,0.3635185658931732,0.6930747097008862,False,0.984375,"[0.953125, 1.0]",0.7627794742584229,"[0.7160895291366615, 0.8059910003677941]",0.984375,"[0.953125, 1.0]",0.6469601988792419,8.0,2.3051416775388134e-08,5.340916231943993e-06,-2.406701423751656e-05,2.060433644146542e-06,3.2105501304613426e-05,0.000702890451066196,0.0056794192641973495,0.00015235460887197405,0.00012686231639236212,9.927667997544631e-05,2.655360549397301e-05,0.0028125641401857138,0.0056794192641973495,0.0,0.984375,64,0.49219085972290477,0.45993321840109447,pos_only
0.0,0.0,0.0,-0.39926090836524963,0.24546995759010315,2.148085143195931,False,0.0,"[0.0, 0.0]",0.6447308659553528,"[0.5974644395639188, 0.6883927947492338]",0.0,"[0.0, 0.0]",1.3208739757537842,12.0,1.9506389836720928e-09,1.0779342574096518e-06,-4.890803393209353e-05,-1.3451774520945037e-06,1.4471504982793704e-05,0.00028881311300210655,0.002010839059948921,5.19142959092278e-05,5.378418791224249e-05,0.00013162833056412637,1.1439567970228381e-05,0.001365732285194099,0.002010839059948921,0.0,0.0,64,1.2732875163434074,1.1112103890150022,pos_only
0.0,0.0,0.0,-0.39926090836524963,0.10803204029798508,3.0654324968927544,False,0.0,"[0.0, 0.0]",0.5072929263114929,"[0.46229568059789017, 0.5501784741936717]",0.0,"[0.0, 0.0]",1.6745579242706299,16.0,1.8627321907160876e-10,5.320241029949102e-07,-4.919654020341113e-05,-1.1317605412841658e-06,1.0154863048228435e-05,0.00024086071061901748,0.0012881546281278133,3.8536785723408684e-05,4.301821536500938e-05,0.00022267697204370052,8.234525921579916e-06,0.0011081572156399488,0.0012881546281278133,0.0,0.0,64,1.836950921523385,1.59972765741969,pos_only
0.0,0.0,0.0,-0.39926090836524963,-0.39926090836524963,0.0,True,0.0,"[0.0, 0.0]",0.0,"[0.0, 0.0]",0.0,"[0.0, 0.0]",0.0,1.0,0.0,0.0,0.0,0.0,0.0,0.0,0.0,0.0,0.0,0.0,0.0,0.0,0.0,0.0,0.0,64,0.0,0.0,neg_only
0.0,0.0,0.5,-0.39926090836524963,-0.39322829246520996,0.0,True,0.0,"[0.0, 0.0]",0.0060325912199914455,"[-0.014725403733973507, 0.02614105441080028]",0.0,"[0.0, 0.0]",0.002164028584957123,1.0,2.8751958591755056e-09,5.70022207213583e-09,7.529582944698632e-06,1.1593849649216281e-06,3.1052336453285534e-06,3.005992255111778e-08,1.3615713214676362e-05,1.131425619860238e-08,6.148265896399607e-09,1.3615713214676362e-05,4.504355111123459e-09,3.1284301371670153e-08,1.6473159121233039e-06,0.0,0.0,64,-0.003542110091075301,-0.0010621989737367166,neg_only
0.0,0.0,1.0,-0.39926090836524963,-0.3806935250759125,0.0,True,0.0,"[0.0, 0.0]",0.018567359074950218,"[-0.004846451724370126, 0.0407392212488048]",0.0,"[0.0, 0.0]",0.005059713032096624,1.0,2.010425603771182e-08,4.617083959601587e-08,8.583923772675917e-06,6.791990017518401e-06,1.1174612154718488e-05,3.2275181638397044e-07,4.32065426139161e-05,1.0437872788315872e-07,3.940046866546254e-08,4.32065426139161e-05,3.277066795703831e-08,3.7967816979289637e-07,6.7721625782724004e-06,0.0,0.0,64,-0.009140746807679623,0.009727876802402946,neg_only
0.0,0.0,1.0,-0.39926090836524963,-0.37220636010169983,0.0,True,0.0,"[0.0, 0.0]",0.02705451473593712,"[0.0011950193624215902, 0.052966200153241515]",0.0,"[0.0, 0.0]",0.02728867717087269,2.0,3.17110419700839e-07,5.506668003363302e-06,4.1732375393621624e-05,2.558575215516612e-05,3.117214873782359e-05,7.764129986753687e-05,0.000827501411549747,1.0922321052930783e-05,1.7289699826505966e-05,0.0002593139361124486,7.016019480943214e-06,9.588989632902667e-05,0.000827501411549747,0.0,0.0,64,0.018035314790904255,0.040979530214087845,sparse_only
0.0,0.6875,1.0,-0.39926090836524963,0.06745783984661102,0.0,True,0.6875,"[0.5625, 0.796875]",0.46671873331069946,"[0.415800410322845, 0.5157604938605799]",0.9375,"[0.875, 0.984375]",0.08777853846549988,4.0,5.767886932517285e-07,1.1909530257980805e-05,0.0002026932343142107,3.095443025813438e-05,0.00018138930317945778,0.0002627219073474407,0.005555292591452599,4.327612987253815e-05,4.274411185178906e-05,0.00022688387252856046,2.1692174414056353e-05,0.005555292591452599,0.0030474558006972075,0.0,0.9375,64,0.08997467437293372,0.12532396570465254,sparse_only
0.0,0.890625,1.0,-0.39926090836524963,0.18920588493347168,0.11782771745929521,False,0.890625,"[0.8125, 0.953125]",0.5884667634963989,"[0.5357873764296528, 0.6370594495703699]",0.9375,"[0.875, 0.984375]",0.324241042137146,6.0,8.933543682587697e-08,3.895266672770958e-06,9.412717190571129e-05,4.0147646359400824e-05,3.590086635085754e-05,0.00015479093417525291,0.021725432947278023,4.130573142901994e-05,2.3600481654284522e-05,0.00023988202156033367,1.4425873814616352e-05,0.021725432947278023,0.0033290195278823376,0.0,0.9375,64,0.23966302422340968,0.3197639722090502,sparse_only
0.0,1.0,1.0,-0.39926090836524963,0.37208521366119385,0.8145912518375553,False,1.0,"[1.0, 1.0]",0.7713460922241211,"[0.7264743622508831, 0.8123472356353886]",1.0,"[1.0, 1.0]",0.6746346950531006,8.0,2.480415517425172e-08,5.125561983732041e-06,-4.227313547744416e-05,2.6431569040141767e-06,2.748723272816278e-05,0.0007761386805213988,0.0061666350811719894,0.00015621456259395927,0.0001308308565057814,0.00010032033605966717,3.011131593666505e-05,0.00477636931464076,0.0061666350811719894,0.0,1.0,64,0.5860329056857152,0.6002622370183821,sparse_only
0.0,0.046875,1.0,-0.39926090836524963,0.2941265106201172,2.1678171237581414,False,0.046875,"[0.0, 0.109375]",0.6933873891830444,"[0.6466984475497156, 0.7370011529768817]",0.046875,"[0.0, 0.109375]",1.3319637775421143,12.0,5.629714472377145e-09,1.8083239865518408e-06,-4.822336995857768e-05,-7.650879751963657e-07,1.912602601805702e-05,0.0005427293363027275,0.002889667171984911,6.410737114492804e-05,0.00010594689229037613,0.00022309832274913788,2.2316182366921566e-05,0.002816037507727742,0.002889667171984911,0.0,0.046875,64,1.2819296951172876,1.1542126285959275,sparse_only
0.0,0.0,1.0,-0.39926090836524963,0.2691494822502136,3.0025369127863084,False,0.0,"[0.0, 0.0]",0.6684104204177856,"[0.6217291458393447, 0.7129285459057427]",0.0,"[0.0, 0.0]",1.6251914501190186,16.0,5.170182504343757e-09,2.1636110432154965e-06,-4.762739627039991e-05,1.4291226761997677e-06,2.1773945263703354e-05,0.0010013770079240203,0.003213532967492938,9.156806481769308e-05,0.00013336344272829592,0.0005175626720301807,3.090070822509006e-05,0.002676713978871703,0.003213532967492938,0.0,0.0,64,1.8234218115685503,1.5052169413256218,sparse_only
0.0,0.0,1.0,-0.39926090836524963,-0.4015222191810608,0.0,True,0.0,"[0.0, 0.0]",-0.0022613343317061663,"[-0.004145024287572597, -0.00051244938185846]",0.0,"[0.0, 0.0]",0.0007745038019493222,2.0,-6.323075396608147e-11,-5.452438500697099e-11,5.06071955896914e-07,-2.4901055439841002e-08,-2.5701137928990647e-07,-6.10880590556917e-09,5.06071955896914e-07,-6.844409483619529e-10,-6.166764876525122e-10,-1.0070216376334429e-06,-4.0091130415476073e-10,-1.7519177220037818e-09,-6.580512490472756e-08,0.0,0.0,64,0.00501492389012137,8.268469184002925e-06,random
0.0,0.0,1.0,-0.39926090836524963,-0.41199594736099243,0.0,True,0.0,"[0.0, 0.0]",-0.01273505762219429,"[-0.028871238925785293, -0.0013820071471855064]",0.0,"[0.0, 0.0]",0.0008372338488698006,4.0,-1.0092016111684643e-10,-2.1391066695741756e-10,-8.150313078658655e-06,-5.289939508656971e-08,-2.5097142497543246e-07,-6.259583074097463e-09,0.0,-5.084466181415337e-10,-6.404423658068481e-10,-1.2193213478894904e-06,-3.9478997848618747e-10,-2.1137651629032916e-09,-5.092983883514535e-07,0.0,0.0,64,0.004031498287804247,-0.00021146669895699688,random
0.0,0.0,1.0,-0.39926090836524963,-0.4070093035697937,0.0,True,0.0,"[0.0, 0.0]",-0.00774840172380209,"[-0.018656642731366448, -0.0010344716116378557]",0.0,"[0.0, 0.0]",0.0008839199435897171,6.0,-2.467226423163993e-11,-1.7996271139963937e-11,-2.546585164964199e-08,-2.876231519621797e-08,-2.594019861135166e-07,-4.438277301233029e-09,0.0,-1.141700067819329e-10,-6.214939674009656e-10,-1.446613168809563e-06,-2.7273028280205835e-10,-1.419149242565254e-09,-4.6281456889119e-08,0.0,0.0,64,0.0022481935797258323,-0.00046974314740433343,random
0.0,0.0,1.0,-0.39926090836524963,-0.4065724313259125,0.0,True,0.0,"[0.0, 0.0]",-0.007311558350920677,"[-0.019636200190871023, -0.0004676101059885698]",0.0,"[0.0, 0.0]",0.000990613247267902,8.0,-1.238231739364437e-10,-2.4359891881431395e-10,-7.896731403889135e-06,-1.0123744687007274e-07,-2.986430445162114e-07,-5.1237947218396585e-09,0.0,-8.870735257460183e-10,-8.978062737696746e-10,-1.2293576219235547e-06,-4.629949756917995e-10,-2.3913422353416536e-09,-5.545189196709543e-07,0.0,0.0,64,0.004640731005929322,-0.0002829240859143489,random
0.0,0.0,1.0,-0.39926090836524963,-0.4060867428779602,0.0,True,0.0,"[0.0, 0.0]",-0.006825839169323444,"[-0.01788305505688186, 0.0001661833408434173]",0.0,"[0.0, 0.0]",0.0010338942520320415,12.0,-8.068123946713968e-11,-1.064233146053084e-10,3.4414915717206895e-07,-4.569642442220356e-08,-3.351381110405782e-07,-4.878131676377961e-09,3.4414915717206895e-07,-8.343903346030856e-10,-6.787548301190327e-10,-1.2437085388228297e-06,-4.177547197059539e-10,-2.188425440863284e-09,-1.009616426017601e-07,0.0,0.0,64,0.00153562885243419,0.00025846454989020273,random
0.0,0.0,1.0,-0.39926090836524963,-0.41065117716789246,0.0,True,0.0,"[0.0, 0.0]",-0.01139027439057827,"[-0.027506641068612225, 0.00020125870942138113]",0.0,"[0.0, 0.0]",0.0011956682428717613,16.0,-1.494175894123373e-10,-2.5354474075811595e-10,-9.078856237465516e-06,-1.110906850954052e-07,-4.0794952838041354e-07,-5.152301696398354e-09,0.0,-1.5359979954610026e-09,-7.615277297645662e-10,-1.316187990596518e-06,-4.5287329442089685e-10,-2.5711663909078197e-09,-5.854603841726203e-07,0.0,0.0,64,-0.0002316298196092248,0.0002498422148664581,random
0.0,0.0,0.0,-0.39926090836524963,-0.3999147415161133,0.0,True,0.0,"[0.0, 0.0]",-0.0006538745947182178,"[-0.01226734853189555, 0.006753375326661625]",0.0,"[0.0, 0.0]",0.005035122856497765,0.5,4.2830339275212737e-10,6.10231865039168e-10,-2.48950527748093e-07,1.0148369256057777e-08,-2.1690993889933452e-08,2.4926450237217068e-08,3.5978519008494914e-07,2.815955468804532e-09,1.3829719591740286e-09,3.4946424420922995e-08,1.0454650478664007e-09,5.783697076822136e-09,3.5978519008494914e-07,0.0,0.0,64,0.003985525830648928,0.00832152390150842,caa
0.0,0.03125,0.0,-0.39926090836524963,-0.3671334385871887,0.0,True,0.03125,"[0.0, 0.078125]",0.032127466052770615,"[0.0018140410553314724, 0.061875949053501224]",0.25,"[0.15625, 0.359375]",0.01888289302587509,1.0,1.6566374938520312e-07,2.2233996787690558e-05,0.00012822302232962102,0.010497493669390678,0.00013973744353279471,6.0237838624743745e-05,0.010497493669390678,2.029572169703897e-05,1.3512645637092646e-05,0.0024489478673785925,8.63322384248022e-06,0.0004024907830171287,0.003690576646476984,0.0,0.25,64,0.021916351513937116,0.03434468961561432,caa
0.0,0.703125,0.0,-0.39926090836524963,0.08783522993326187,0.0,True,0.703125,"[0.578125, 0.8125]",0.4870961308479309,"[0.4266025283606723, 0.5492141464841552]",0.953125,"[0.890625, 1.0]",0.04668032005429268,1.5,1.0145713247311505e-07,2.809022134897532e-06,0.00013503985246643424,4.948653077008203e-05,0.00013626358122564852,0.0001227929606102407,0.008374121971428394,3.6428715247893706e-05,3.0135306587908417e-05,0.000428845698479563,0.0001752686657710001,0.008374121971428394,0.0016118650091812015,0.0,0.953125,64,0.05486736616585386,0.07379286434993704,caa
0.0,0.90625,0.0,-0.39926090836524963,0.19152192771434784,0.0,True,0.90625,"[0.828125, 0.96875]",0.5907828211784363,"[0.538447150826687, 0.6418636951595544]",0.953125,"[0.890625, 1.0]",0.15590357780456543,2.0,7.829687120874951e-08,3.1420470349985408e-06,0.0001313417888013646,3.384336378076114e-05,8.739374607102945e-05,0.00012067296484019607,0.011484021320939064,4.9192360165761784e-05,2.1440580894704908e-05,0.0003549245302565396,1.1900918252649717e-05,0.011484021320939064,0.0022490043193101883,0.0,0.953125,64,0.10550748112145802,0.156467722247573,caa
0.0,0.9375,0.0,-0.39926090836524963,0.37399613857269287,0.5708832015865482,False,0.9375,"[0.875, 0.984375]",0.7732570171356201,"[0.7167955426732078, 0.8278789554024115]",0.9375,"[0.875, 0.984375]",0.5808091759681702,3.0,7.447999905707547e-08,5.671886810887372e-06,5.490307376021519e-05,2.9241211450425908e-05,1.8251950677949935e-05,0.0003097492444794625,0.016624800860881805,8.628843352198601e-05,9.487067291047424e-05,8.315489685628563e-05,2.0057912479387596e-05,0.016624800860881805,0.004303335212171078,0.0,0.9375,64,0.43615037451963845,0.4901739704538377,caa
0.0,0.0,1.0,-0.39926090836524963,-0.3604848384857178,0.0354558527469635,False,0.0,"[0.0, 0.0]",0.03877607733011246,"[0.0021821967588039116, 0.07613657298206816]",0.0,"[0.0, 0.0]",0.34252631664276123,2.0,1.46645376730703e-07,5.321634034771705e-06,4.775341221829876e-05,1.7814374587032944e-05,6.080917955841869e-05,2.6358091417932883e-05,0.0007401453913189471,8.91491163201863e-06,3.4220631732750917e-06,0.00027673851582221687,3.877287781506311e-06,0.0001425915106665343,0.0007401453913189471,0.0,0.0,64,-0.030440545571036814,0.9619405147356863,outside_window
0.0,0.421875,1.0,-0.39926090836524963,0.006422093138098717,1.158800757455174,False,0.421875,"[0.3125, 0.546875]",0.4056829810142517,"[0.3553026302339276, 0.4584156281052855]",0.609375,"[0.5, 0.734375]",1.0592626333236694,4.0,6.184669132380805e-08,5.141114343132358e-06,-1.9382528989808634e-05,5.490419425768778e-06,2.1209067199379206e-05,0.00014928067685104907,0.007387629244476557,4.1042178054340184e-05,2.4040356947807595e-05,1.2685400179179851e-05,1.1611955414991826e-05,0.007387629244476557,0.0045110201463103294,0.0,0.609375,64,0.545614473032765,1.729989037240986,outside_window
0.0,0.71875,1.0,-0.39926090836524963,0.2474362850189209,3.705545796977822,False,0.71875,"[0.609375, 0.828125]",0.6466971635818481,"[0.5988569499459118, 0.6937136304797604]",0.71875,"[0.609375, 0.828125]",2.4219985008239746,6.0,1.4534133008226036e-08,1.3656571127285133e-06,-4.0541166526963934e-05,2.396516038061236e-06,7.559122877864866e-06,0.00012421222345437855,0.01170310378074646,2.5674642529338598e-05,1.6143891116371378e-05,2.5115559765254147e-06,8.944040018832311e-06,0.01170310378074646,0.003388384124264121,0.0,0.71875,64,1.7296236450551077,2.8216960975639447,outside_window
0.0,0.8125,1.0,-0.39926090836524963,0.36894363164901733,6.210564040171448,False,0.8125,"[0.703125, 0.90625]",0.7682044506072998,"[0.7150990889407695, 0.8173746653366833]",0.8125,"[0.703125, 0.90625]",3.7115092277526855,8.0,7.333971652201399e-09,1.016115447782795e-06,-4.663922663894482e-05,1.998146899495623e-06,8.438628356088884e-07,9.182916983263567e-05,0.01295276079326868,1.543605321785435e-05,1.1971193089266308e-05,-5.685837095370516e-06,7.531529718107777e-06,0.01295276079326868,0.002391263609752059,0.0,0.8125,64,2.9451311613200235,3.892443416621793,outside_window
0.0,0.9375,1.0,-0.39926090836524963,0.38451963663101196,9.615415798651519,False,0.9375,"[0.875, 0.984375]",0.783780574798584,"[0.7358051837421954, 0.8277980488957837]",0.9375,"[0.875, 0.984375]",5.480594635009766,12.0,1.105355273978148e-08,1.1629928167167236e-06,-4.8895970394369215e-05,-1.0026224117609672e-07,-2.636585122672841e-06,2.938530087703839e-05,0.009821008890867233,3.5567143186199246e-06,5.268278073344845e-06,-1.0265044693369418e-05,4.3213040044065565e-06,0.009821008890867233,0.0010062949731945992,0.0,0.9375,64,4.5808975125430145,5.499805565651586,outside_window
0.0,0.828125,1.0,-0.39926090836524963,0.3436739444732666,11.5163435032242,False,0.828125,"[0.734375, 0.90625]",0.7429348230361938,"[0.6966032081982121, 0.784992260299623]",0.828125,"[0.734375, 0.90625]",6.475557804107666,16.0,3.2067106303657056e-08,1.705086333458894e-06,-4.9246711569139734e-05,1.1774727681768127e-07,-2.898993898270419e-06,1.7835311155067757e-05,0.007765571121126413,1.955882680704235e-06,4.323203029343858e-06,-1.1533955330378376e-05,4.0274899220094085e-06,0.007765571121126413,0.0011008208384737372,0.0,0.828125,64,5.486862048017793,6.502116049535175,outside_window
