DEFAULT_base,DEFAULT_edit,beta,dM_base,dM_edit,excess,feasible,gain_DEFAULT,gain_DEFAULT_ci,gain_dM,gain_dM_ci,gain_lid,gain_lid_ci,kl_offdecision,lam,leak_am,leak_ar,leak_bn,leak_de,leak_es,leak_fr,leak_hi,leak_max,leak_mr,leak_ne,leak_sw,leak_te,leak_ur,lid_base,lid_edit,n,util_nll,util_nll_all,variant
0.0,0.34375,0.0,-0.29739004373550415,0.15316259860992432,0.0,True,0.34375,"[0.21875, 0.46875]",0.45055264234542847,"[0.36075826907836017, 0.5434012530076868]",0.359375,"[0.234375, 0.484375]",0.00081059051444754,2.0,4.419649979325868e-09,3.2316202691617946e-07,4.432331834891556e-09,-0.00013717651017941535,2.579137685643218e-07,6.711643072776496e-05,3.554404548467005e-10,0.0001478782796766609,3.997863845528471e-11,2.78292888733489e-10,0.0001478782796766609,7.722324446568507e-10,1.6667300428707676e-08,0.0,0.359375,64,0.0016275644302368164,0.09849599612475268,full
0.0,0.3125,0.5,-0.29739004373550415,0.15472525358200073,0.0,True,0.3125,"[0.203125, 0.421875]",0.4521152675151825,"[0.35999288690959474, 0.5482182502424164]",0.3125,"[0.203125, 0.421875]",0.00136191223282367,2.0,5.0074895341367665e-09,4.336008032623795e-07,3.2459692711483967e-09,-1.7480866517871618e-05,4.286007424525451e-06,5.27606753166765e-05,3.819284888351149e-10,0.00035964857670478523,2.7709128394559635e-11,8.589237654454962e-11,0.00035964857670478523,7.710641014568864e-10,2.002007981616316e-08,0.0,0.3125,64,0.016070067882537842,0.12682035146248216,full
0.0,0.359375,1.0,-0.29739004373550415,0.19636166095733643,0.0,True,0.359375,"[0.25, 0.46875]",0.4937517046928406,"[0.40134792646190365, 0.5901717470149832]",0.375,"[0.265625, 0.484375]",0.002532288897782564,2.0,1.0056874444330788e-08,6.351323804665299e-07,1.0353029544774017e-08,-0.00013725788448937237,8.405357220908627e-06,-2.3345059162238613e-05,5.858757368137901e-10,0.0016829693922773004,4.309794535140021e-11,1.8821161296145306e-10,0.0016829693922773004,1.241327263201697e-09,2.827452583176182e-08,0.0,0.375,64,0.028628408908843994,0.15761889316167954,full
0.0,0.765625,0.0,-0.29739004373550415,0.7020750045776367,0.0,True,0.765625,"[0.65625, 0.859375]",0.9994651079177856,"[0.9210456545813941, 1.079789809283102]",0.765625,"[0.65625, 0.859375]",0.0017134957015514374,4.0,7.939041068993902e-08,1.0573262443358544e-06,2.933623122203244e-08,-0.0005937865353189409,3.3389216014256817e-07,-2.657159711816348e-05,3.5229966166561155e-10,1.0573262443358544e-06,7.344690133859189e-11,7.157835435478432e-10,-1.8390961486147717e-05,1.7560095599833403e-08,5.572789518737409e-08,0.0,0.765625,64,0.0036894679069519043,0.24713536774733047,full
0.0,0.75,0.5,-0.29739004373550415,0.6947790384292603,0.0,True,0.75,"[0.640625, 0.859375]",0.9921691417694092,"[0.9124168438487686, 1.0741733384435064]",0.75,"[0.640625, 0.859375]",0.0020649333018809557,4.0,1.1254416421024871e-07,1.3809792562824441e-06,3.983431540177662e-08,-0.0005935900844633579,5.510490836968529e-07,-2.6226829504594207e-05,4.240308104641599e-10,1.3809792562824441e-06,9.146180340868781e-11,7.693075620984757e-10,-1.645058364374563e-05,2.3756294709187387e-08,6.983739808674727e-08,0.0,0.75,64,0.019985556602478027,0.2742697407415813,full
0.0,0.75,1.0,-0.29739004373550415,0.6875565052032471,0.0,True,0.75,"[0.640625, 0.859375]",0.9849464893341064,"[0.9011937766510527, 1.0708281066094059]",0.75,"[0.640625, 0.859375]",0.003322844160720706,4.0,1.0525057803079108e-07,1.3812863244311302e-06,4.111984708288219e-08,-0.0005935665685683489,5.602320243269787e-07,-2.625826164148748e-05,4.162984956757043e-10,1.3812863244311302e-06,8.682510266311283e-11,7.585952421784725e-10,-1.4480739991995506e-05,2.1675367278817248e-08,6.532606278142339e-08,0.0,0.75,64,0.03834235668182373,0.30965875130238896,full
0.0,0.734375,0.0,-0.29739004373550415,0.6737158298492432,0.0,True,0.734375,"[0.625, 0.84375]",0.9711058139801025,"[0.8955546311684884, 1.0493899781722575]",0.734375,"[0.625, 0.84375]",0.003060407703742385,6.0,5.683374411091791e-07,5.0526450650068e-06,3.542440083492693e-07,-0.0005887025035917759,5.414803581516026e-06,-2.143762685591355e-05,1.128971693908909e-09,5.414803581516026e-06,7.862235307243282e-10,6.70330413399256e-09,-1.4181337974150665e-05,1.3794533515465446e-07,2.8449201749936037e-07,0.0,0.734375,64,0.006829023361206055,0.4533547682812693,full
0.0,0.765625,0.5,-0.29739004373550415,0.6558876037597656,0.0,True,0.765625,"[0.65625, 0.859375]",0.9532776474952698,"[0.8780080153723248, 1.0332414564909413]",0.765625,"[0.65625, 0.859375]",0.0035946930292993784,6.0,7.010650620031811e-07,6.186633527249796e-06,3.634039842381753e-07,-0.0005875567439943552,1.0281270078849047e-05,-2.0351359125925228e-05,1.8694790160367347e-09,0.0009658430935814977,1.1305032465713793e-09,7.917609678997906e-09,0.0009658430935814977,1.4280635696195532e-07,3.2612851441626844e-07,0.0,0.765625,64,0.02737891674041748,0.47576555161088585,full
0.0,0.8125,1.0,-0.29739004373550415,0.657051682472229,0.0,True,0.8125,"[0.71875, 0.90625]",0.9544417262077332,"[0.8760267383186147, 1.0348228519782423]",0.8125,"[0.71875, 0.90625]",0.005052688531577587,6.0,1.0203358442595345e-06,8.365456778847147e-06,5.299502277011925e-07,-0.0005847611464560032,1.3164677511667833e-05,-1.7086040315916762e-05,3.0904621084459905e-09,0.0009106840007007122,3.0490583391440396e-09,1.1348753048423532e-08,0.0009106840007007122,1.8328768192077405e-07,4.182765280802414e-07,0.0,0.8125,64,0.04581171274185181,0.5065499910617466,full
0.0,0.71875,0.0,-0.29739004373550415,0.5236126184463501,0.0,True,0.71875,"[0.609375, 0.828125]",0.8210026621818542,"[0.7601418482488953, 0.882168025127612]",0.71875,"[0.609375, 0.828125]",0.004461145494133234,8.0,2.9889276902395068e-06,2.5963976440834813e-05,4.2620972635631915e-06,-0.0005264626815915108,5.883028279640712e-05,3.0236222301027738e-05,8.099248383075519e-09,0.0011564551386982203,1.233111035503498e-08,8.647727867128197e-08,0.0011564551386982203,1.122857383961673e-06,1.3680206620847457e-06,0.0,0.71875,64,0.012320935726165771,0.824939467123456,full
0.0,0.71875,0.5,-0.29739004373550415,0.5031460523605347,0.0,True,0.71875,"[0.609375, 0.828125]",0.800536036491394,"[0.7423623593407683, 0.8597149193519726]",0.71875,"[0.609375, 0.828125]",0.004995284136384726,8.0,3.259091045038076e-06,3.048145299544558e-05,4.9035447773349006e-06,-0.000518470595125109,6.832808867329732e-05,4.253578663337976e-05,9.251327703907464e-09,0.000938516459427774,1.3360000217232937e-08,9.531299838272389e-08,0.000938516459427774,1.2091733196939458e-06,1.5153273125179112e-06,0.0,0.71875,64,0.03381258249282837,0.8450613077453504,full
0.0,0.78125,1.0,-0.29739004373550415,0.5219516754150391,0.0,True,0.78125,"[0.671875, 0.875]",0.8193416595458984,"[0.7639924106188118, 0.8750385791761799]",0.78125,"[0.671875, 0.875]",0.007177100516855717,8.0,4.349160008132458e-06,4.129147419007495e-05,5.739175776398042e-06,-0.0005007156287319958,9.051281085703522e-05,7.141329115256667e-05,1.4513154233952719e-08,0.0007563834078609943,2.0730308136762687e-08,1.4401096848359884e-07,0.0007563834078609943,1.3665339793078601e-06,1.9397682535782224e-06,0.0,0.78125,64,0.05463218688964844,0.8761097528909203,full
0.0,0.203125,0.0,-0.29739004373550415,0.19626104831695557,0.0,True,0.203125,"[0.109375, 0.296875]",0.4936510920524597,"[0.43516082876303697, 0.5535926189797464]",0.203125,"[0.109375, 0.296875]",0.008586601354181767,12.0,5.021584001951851e-05,0.0002393638133071363,0.00011745195661205798,0.0003288333537057042,0.0008352057775482535,0.0008840077207423747,8.995588274274269e-08,0.0009282142855226994,3.4508789781284577e-07,9.974464774131775e-07,0.0009282142855226994,1.9995091861346737e-05,1.1145321877847891e-05,0.0,0.203125,64,0.02461618185043335,1.912895754116584,full
0.0,0.203125,0.5,-0.29739004373550415,0.17513205111026764,0.0,True,0.203125,"[0.109375, 0.296875]",0.4725220799446106,"[0.4150180960219586, 0.5294957575330045]",0.203125,"[0.109375, 0.296875]",0.008873693645000458,12.0,5.0069604185409844e-05,0.0002685872314032167,0.00012164075451437384,0.000340669765137136,0.0009111400577239692,0.0010019645560532808,1.1859408033387808e-07,0.0010019645560532808,3.669945272122277e-07,1.1997304909527884e-06,0.0007573188049718738,2.0132321878918447e-05,1.1750335033866577e-05,0.0,0.203125,64,0.04631960391998291,1.9496620597771956,full
0.0,0.203125,1.0,-0.29739004373550415,0.16821318864822388,0.0,True,0.203125,"[0.109375, 0.3125]",0.465603232383728,"[0.4066722081654007, 0.5235499820060795]",0.203125,"[0.109375, 0.3125]",0.011670627631247044,12.0,5.0643491704249755e-05,0.0003196171310264617,0.00011982118303421885,0.0003805586602538824,0.0010086207184940577,0.0011789195705205202,1.6603308949925122e-07,0.0011789195705205202,4.018579318199045e-07,1.5026417941044201e-06,0.0006265721749514341,1.9788416466326453e-05,1.3234100151748862e-05,0.0,0.203125,64,0.06500953435897827,2.001678460899596,full
0.0,0.0,0.0,-0.29739004373550415,0.08268433809280396,0.0,True,0.0,"[0.0, 0.0]",0.3800743818283081,"[0.3247794635797618, 0.43822393251175523]",0.0,"[0.0, 0.0]",0.012680526822805405,16.0,0.00016118756320793182,0.00048423587577417493,0.00040738857933320105,0.0014263696502894163,0.002311295596882701,0.002460682764649391,1.8019996161910967e-07,0.002460682764649391,1.0375829333497677e-06,2.026086349360412e-06,0.00033367477590218186,6.941882747923955e-05,2.2468266251962632e-05,0.0,0.0,64,0.03500252962112427,2.9326149945545534,full
0.0,0.0,0.5,-0.29739004373550415,0.07188194245100021,0.0,True,0.0,"[0.0, 0.0]",0.36927199363708496,"[0.3129081449340447, 0.427955078134255]",0.0,"[0.0, 0.0]",0.014153783209621906,16.0,0.00015386909944936633,0.0005538366385735571,0.0003683825780171901,0.001340348506346345,0.0023640613071620464,0.0027816796209663153,2.422092677534238e-07,0.0027816796209663153,1.086128349925275e-06,2.667582066351315e-06,0.00028083048528060317,6.525482604047284e-05,2.4001737983780913e-05,0.0,0.0,64,0.05630713701248169,2.998266782356235,full
0.0,0.0,1.0,-0.29739004373550415,0.06671841442584991,0.0,True,0.0,"[0.0, 0.0]",0.36410844326019287,"[0.3072649908106541, 0.4228083312482339]",0.0,"[0.0, 0.0]",0.016888950020074844,16.0,0.00014249469677451998,0.0006468354840762913,0.0003127169038634747,0.001288125291466713,0.00237858179025352,0.0030907371547073126,3.4050250974360097e-07,0.0030907371547073126,1.1160163921886124e-06,3.5871812542609405e-06,0.00025868637021631,5.921448246226646e-05,2.660917380126193e-05,0.0,0.0,64,0.07453888654708862,3.077559850746667,full
0.0,0.34375,0.0,-0.29739004373550415,0.15316259860992432,0.0,True,0.34375,"[0.21875, 0.46875]",0.45055264234542847,"[0.36075826907836017, 0.5434012530076868]",0.359375,"[0.234375, 0.484375]",0.00081059051444754,2.0,4.419649979325868e-09,3.2316202691617946e-07,4.432331834891556e-09,-0.00013717651017941535,2.579137685643218e-07,6.711643072776496e-05,3.554404548467005e-10,0.0001478782796766609,3.997863845528471e-11,2.78292888733489e-10,0.0001478782796766609,7.722324446568507e-10,1.6667300428707676e-08,0.0,0.359375,64,0.0016275644302368164,0.09849599612475268,pos_only
0.0,0.765625,0.0,-0.29739004373550415,0.7020750045776367,0.0,True,0.765625,"[0.65625, 0.859375]",0.9994651079177856,"[0.9210456545813941, 1.079789809283102]",0.765625,"[0.65625, 0.859375]",0.0017134957015514374,4.0,7.939041068993902e-08,1.0573262443358544e-06,2.933623122203244e-08,-0.0005937865353189409,3.3389216014256817e-07,-2.657159711816348e-05,3.5229966166561155e-10,1.0573262443358544e-06,7.344690133859189e-11,7.157835435478432e-10,-1.8390961486147717e-05,1.7560095599833403e-08,5.572789518737409e-08,0.0,0.765625,64,0.0036894679069519043,0.24713536774733047,pos_only
0.0,0.734375,0.0,-0.29739004373550415,0.6737158298492432,0.0,True,0.734375,"[0.625, 0.84375]",0.9711058139801025,"[0.8955546311684884, 1.0493899781722575]",0.734375,"[0.625, 0.84375]",0.003060407703742385,6.0,5.683374411091791e-07,5.0526450650068e-06,3.542440083492693e-07,-0.0005887025035917759,5.414803581516026e-06,-2.143762685591355e-05,1.128971693908909e-09,5.414803581516026e-06,7.862235307243282e-10,6.70330413399256e-09,-1.4181337974150665e-05,1.3794533515465446e-07,2.8449201749936037e-07,0.0,0.734375,64,0.006829023361206055,0.4533547682812693,pos_only
0.0,0.71875,0.0,-0.29739004373550415,0.5236126184463501,0.0,True,0.71875,"[0.609375, 0.828125]",0.8210026621818542,"[0.7601418482488953, 0.882168025127612]",0.71875,"[0.609375, 0.828125]",0.004461145494133234,8.0,2.9889276902395068e-06,2.5963976440834813e-05,4.2620972635631915e-06,-0.0005264626815915108,5.883028279640712e-05,3.0236222301027738e-05,8.099248383075519e-09,0.0011564551386982203,1.233111035503498e-08,8.647727867128197e-08,0.0011564551386982203,1.122857383961673e-06,1.3680206620847457e-06,0.0,0.71875,64,0.012320935726165771,0.824939467123456,pos_only
0.0,0.203125,0.0,-0.29739004373550415,0.19626104831695557,0.0,True,0.203125,"[0.109375, 0.296875]",0.4936510920524597,"[0.43516082876303697, 0.5535926189797464]",0.203125,"[0.109375, 0.296875]",0.008586601354181767,12.0,5.021584001951851e-05,0.0002393638133071363,0.00011745195661205798,0.0003288333537057042,0.0008352057775482535,0.0008840077207423747,8.995588274274269e-08,0.0009282142855226994,3.4508789781284577e-07,9.974464774131775e-07,0.0009282142855226994,1.9995091861346737e-05,1.1145321877847891e-05,0.0,0.203125,64,0.02461618185043335,1.912895754116584,pos_only
0.0,0.0,0.0,-0.29739004373550415,0.08268433809280396,0.0,True,0.0,"[0.0, 0.0]",0.3800743818283081,"[0.3247794635797618, 0.43822393251175523]",0.0,"[0.0, 0.0]",0.012680526822805405,16.0,0.00016118756320793182,0.00048423587577417493,0.00040738857933320105,0.0014263696502894163,0.002311295596882701,0.002460682764649391,1.8019996161910967e-07,0.002460682764649391,1.0375829333497677e-06,2.026086349360412e-06,0.00033367477590218186,6.941882747923955e-05,2.2468266251962632e-05,0.0,0.0,64,0.03500252962112427,2.9326149945545534,pos_only
0.0,0.0,0.0,-0.29739004373550415,-0.29739004373550415,0.0,True,0.0,"[0.0, 0.0]",0.0,"[0.0, 0.0]",0.0,"[0.0, 0.0]",0.0,1.0,0.0,0.0,0.0,0.0,0.0,0.0,0.0,0.0,0.0,0.0,0.0,0.0,0.0,0.0,0.0,64,0.0,0.0,neg_only
0.0,0.0,0.5,-0.29739004373550415,-0.2928959131240845,0.0,True,0.0,"[0.0, 0.0]",0.004494111053645611,"[-0.02782954082988773, 0.03732566669356244]",0.0,"[0.0, 0.0]",0.001130152028053999,1.0,7.764508480612164e-11,2.237577900743304e-09,3.2362290625087553e-10,0.0002706226077862084,2.1482530883076834e-06,-4.131712557864375e-06,4.058112353100274e-12,0.0002706226077862084,1.8223961836122404e-12,2.7700177221423594e-12,0.00012071827950421721,1.1754450711387587e-11,1.031312951704777e-10,0.0,0.0,64,0.012442469596862793,0.02644010921249107,neg_only
0.0,0.0,1.0,-0.29739004373550415,-0.28654375672340393,0.0,True,0.0,"[0.0, 0.0]",0.010846283286809921,"[-0.0284866723286477, 0.053658862450319554]",0.0,"[0.0, 0.0]",0.0018268005223944783,1.0,1.0697602526033023e-10,5.303676609003105e-09,1.1288424639488426e-09,0.000361104728654027,2.763383918136242e-06,-1.0356106940889731e-05,1.3304412259385057e-11,0.000361104728654027,1.925136482519574e-12,1.0884776153324838e-12,0.0003546120133250952,2.6559022342498295e-11,2.754114714065281e-10,0.0,0.0,64,0.02330303192138672,0.05569458496444213,neg_only
0.0,0.40625,1.0,-0.29739004373550415,0.2341468334197998,0.0,True,0.40625,"[0.28125, 0.53125]",0.531536877155304,"[0.43649632957822176, 0.6297912126254231]",0.4375,"[0.3125, 0.5625]",0.002496561501175165,2.0,7.009842484251294e-09,5.756677410317934e-07,4.574300049853264e-09,-0.00018785128486342728,8.429993613390252e-06,-2.3583621441503055e-05,6.290789555940535e-10,0.0016598679358139634,4.3143998790240445e-11,1.4279871729527827e-10,0.0016598679358139634,8.353540636996115e-10,2.4775856033443233e-08,0.0,0.4375,64,0.027949988842010498,0.16560195562275037,sparse_only
0.0,0.765625,1.0,-0.29739004373550415,0.6853322982788086,0.0,True,0.765625,"[0.65625, 0.859375]",0.9827224016189575,"[0.8997900645481423, 1.0668012302368877]",0.765625,"[0.65625, 0.859375]",0.0036230217665433884,4.0,9.434873504687857e-08,1.2638304269785294e-06,3.4338537346911835e-08,-0.0005936406087130308,5.263754019324551e-07,-2.632156429172028e-05,4.806767206488871e-10,1.2638304269785294e-06,9.095193348462871e-11,8.238894011469711e-10,-1.4902534530847333e-05,1.8554855429897543e-08,6.087932291620746e-08,0.0,0.765625,64,0.03785514831542969,0.3275960843049175,sparse_only
0.0,0.796875,1.0,-0.29739004373550415,0.6518756151199341,0.0,True,0.796875,"[0.6875, 0.890625]",0.9492656588554382,"[0.8723178358282894, 1.0275354578858242]",0.796875,"[0.6875, 0.890625]",0.005270945839583874,6.0,3.433782751471881e-07,4.355230885266792e-06,1.8623089204083954e-07,-0.000588035793043673,7.570805337309139e-06,-2.206432691309601e-05,2.4052420055653556e-09,0.0009702998213469982,1.3025460710025527e-09,8.55504111996197e-09,0.0009702998213469982,6.727860579758271e-08,2.4420259592261573e-07,0.0,0.796875,64,0.04656517505645752,0.5323578883396864,sparse_only
0.0,0.703125,1.0,-0.29739004373550415,0.4779236316680908,0.0,True,0.703125,"[0.59375, 0.8125]",0.775313675403595,"[0.7135695555363781, 0.8365763727808371]",0.703125,"[0.59375, 0.8125]",0.007328932173550129,8.0,2.8534864213725086e-06,3.21592488035094e-05,1.905415729197557e-06,-0.0005027150036767125,7.102308154571801e-05,4.661000275518745e-05,2.1137978478691366e-08,0.0009572410490363836,2.458310532915675e-08,1.6397852675709146e-07,0.0009572410490363836,5.11690871007886e-07,1.5506634554185439e-06,0.0,0.703125,64,0.05347645282745361,0.8782074852461528,sparse_only
0.0,0.15625,1.0,-0.29739004373550415,0.13245707750320435,0.0,True,0.15625,"[0.078125, 0.25]",0.4298471212387085,"[0.37356705907150173, 0.48761853292235174]",0.15625,"[0.078125, 0.25]",0.012201402336359024,12.0,3.630519859143533e-05,0.00024771946482360363,4.41018128185533e-05,0.0003044296754524112,0.0008155148243531585,0.0009495132835581899,2.5191070562868845e-07,0.0009495132835581899,5.612412792288524e-07,2.0541574485832825e-06,0.0007535991026088595,1.028285169013543e-05,1.1037860531359911e-05,0.0,0.15625,64,0.06372427940368652,1.8596725667744556,sparse_only
0.0,0.0,1.0,-0.29739004373550415,0.05004582554101944,0.0,True,0.0,"[0.0, 0.0]",0.347435861825943,"[0.291421856105444, 0.40603865062439576]",0.0,"[0.0, 0.0]",0.017101116478443146,16.0,0.0001034579545375891,0.0005129770142957568,0.00010570745507720858,0.0011262306943535805,0.0019856009166687727,0.002542214235290885,5.235304456618906e-07,0.002542214235290885,1.722665501802112e-06,5.196555321163032e-06,0.0002752321306616068,2.984133425343316e-05,2.317442704224959e-05,0.0,0.0,64,0.07194799184799194,2.8029973345173547,sparse_only
0.0,0.0,1.0,-0.29739004373550415,-0.2851185202598572,0.0,True,0.0,"[0.0, 0.0]",0.012271523475646973,"[0.00035182481494118185, 0.02722556196879893]",0.0,"[0.0, 0.0]",0.0004623805289156735,2.0,1.7174192623592432e-11,-2.0413803980545708e-10,4.4912809582520197e-11,0.00012167601380497217,1.0848447118405602e-07,7.014414222794585e-06,3.10813224116413e-13,0.00012167601380497217,5.411223227315409e-13,1.9419691549282803e-12,-8.836221240926534e-06,2.600639321947984e-12,-1.8990475858515765e-11,0.0,0.0,64,0.000957489013671875,0.00929422530184354,random
0.0,0.0,1.0,-0.29739004373550415,-0.28403380513191223,0.0,True,0.0,"[0.0, 0.0]",0.01335623487830162,"[0.0013843421411486646, 0.028245925356964813]",0.0,"[0.0, 0.0]",0.0004598720115609467,4.0,1.8565107784418444e-11,-1.832440865712215e-10,4.359963778899356e-11,0.00012312259059399366,1.0716433962443261e-07,6.987216693232767e-06,2.4726249693574065e-13,0.00012312259059399366,5.441332605847504e-13,2.0248800466221573e-12,-8.821736628306098e-06,2.3910240107283265e-12,-2.1586205045664997e-11,0.0,0.0,64,-0.0007953643798828125,0.00970813916344504,random
0.0,0.0,1.0,-0.29739004373550415,-0.284428209066391,0.0,True,0.0,"[0.0, 0.0]",0.01296183280646801,"[0.0012688693363154258, 0.02782248869249688]",0.0,"[0.0, 0.0]",0.000507278018631041,6.0,1.9772676551621515e-11,-1.2468515109276268e-10,4.2883349649081026e-11,0.00010264711454510689,1.0664797400750103e-07,6.9883735704934224e-06,2.3707576700393584e-13,0.00010264711454510689,5.500359824724133e-13,2.2079827115967232e-12,-8.857969078235328e-06,2.544555711969654e-12,-1.7606666125047354e-11,0.0,0.0,64,-6.109476089477539e-05,0.012445136767815335,random
0.0,0.0,1.0,-0.29739004373550415,-0.28285613656044006,0.0,True,0.0,"[0.0, 0.0]",0.014533892273902893,"[0.002856376696543528, 0.029405691190766872]",0.0,"[0.0, 0.0]",0.0005798790953122079,8.0,2.0206294970570582e-11,-1.312372432948905e-10,5.1789225685716644e-11,0.00012424919987097383,1.0988424037350342e-07,7.012915375526063e-06,1.6521788277767957e-13,0.00012424919987097383,5.813281171544726e-13,2.457191134591641e-12,-6.954274795134552e-06,2.8483838551696117e-12,-2.038105795243439e-11,0.0,0.0,64,-1.531839370727539e-05,0.01148850252266076,random
0.0,0.0,1.0,-0.29739004373550415,-0.2818037271499634,0.0,True,0.0,"[0.0, 0.0]",0.015586277469992638,"[0.003539256648027589, 0.030829803000153783]",0.0,"[0.0, 0.0]",0.0005652439431287348,12.0,2.934568560375439e-11,1.7293233511850303e-10,8.794186212579547e-11,5.2491959650069475e-05,1.2848613550886512e-07,1.096461528504733e-05,4.93838693896298e-13,5.2491959650069475e-05,8.408339671230058e-13,3.5658260198745406e-12,-7.528926289523952e-06,5.645490151751087e-12,-3.2602393007508113e-12,0.0,0.0,64,-0.000531315803527832,0.013112348381285166,random
0.0,0.0,1.0,-0.29739004373550415,-0.28392112255096436,0.0,True,0.0,"[0.0, 0.0]",0.013468923978507519,"[0.000639863263102214, 0.029045455348213876]",0.0,"[0.0, 0.0]",0.0006227857666090131,16.0,3.091930877996418e-11,3.439788454073778e-10,7.5260672693922e-11,5.373568274080753e-05,1.62205424203421e-07,1.0969417417072691e-05,2.5909417840364046e-13,5.373568274080753e-05,7.333097345497974e-13,3.337305692213688e-12,-9.595527444616891e-06,5.119723221758132e-12,4.19424217579234e-12,0.0,0.0,64,-0.0015984177589416504,0.017129464537010808,random
0.0,0.0,0.0,-0.29739004373550415,-0.2665480077266693,0.0,True,0.0,"[0.0, 0.0]",0.03084203600883484,"[0.018438809100450725, 0.04606056424904068]",0.0,"[0.0, 0.0]",0.0007581993122585118,0.5,1.3625742756318004e-09,7.643540556045991e-08,6.726849632876508e-10,-3.442139131948352e-05,4.53766460850602e-07,1.723998320812825e-05,2.612307072047404e-11,5.461651744553819e-05,1.2086797708532604e-11,3.379265617331484e-11,5.461651744553819e-05,9.701625613978138e-11,2.987741387627807e-09,0.0,0.0,64,0.005837440490722656,0.0314309541412463,caa
0.0,0.09375,0.0,-0.29739004373550415,0.008358985185623169,0.0,True,0.09375,"[0.03125, 0.171875]",0.3057490289211273,"[0.23379380504358097, 0.3847940982375007]",0.140625,"[0.0625, 0.234375]",0.0014221749734133482,1.0,2.312921054681283e-08,1.8691639525059145e-06,1.212961553420655e-08,-0.00013789921649731696,9.193055348077905e-07,3.8622034480795264e-05,5.517878376437579e-10,0.00013966178812552243,7.656070222239464e-11,8.265234052728943e-10,0.00013966178812552243,2.068821114420416e-09,7.205053265124661e-08,0.0,0.140625,64,0.015428543090820312,0.10714258844355395,caa
0.0,0.640625,0.0,-0.29739004373550415,0.57576584815979,0.0,True,0.640625,"[0.515625, 0.75]",0.8731558322906494,"[0.7725882058184652, 0.9750553245365154]",0.640625,"[0.515625, 0.75]",0.0021460282150655985,1.5,3.3305095570312915e-08,1.73896728483669e-06,2.7384785994399863e-08,-0.0005902454722672701,8.613446880190168e-07,-2.4456930987071246e-05,6.059573398609075e-10,3.251026646466926e-05,4.2834489427656663e-11,4.813021647898097e-10,3.251026646466926e-05,5.5843210056139014e-09,1.2692058248831017e-07,0.0,0.640625,64,0.026645958423614502,0.22649342921091886,caa
0.0,0.703125,0.0,-0.29739004373550415,0.6182929873466492,0.0,True,0.703125,"[0.578125, 0.8125]",0.9156830310821533,"[0.8221185671631247, 1.008433834958123]",0.703125,"[0.578125, 0.8125]",0.00367399281822145,2.0,5.29523198622428e-08,3.5837956602335908e-06,8.445727672778958e-08,-0.0005871955654583871,6.755802587576909e-06,-2.246847543574404e-05,1.3789778208206371e-09,0.0001586748840054497,7.117670342005056e-11,1.683387540474257e-09,0.0001586748840054497,1.4202726994483328e-08,2.432322219192429e-07,0.0,0.703125,64,0.038107991218566895,0.3862658937070056,caa
0.0,0.6875,0.0,-0.29739004373550415,0.6225273609161377,0.0,True,0.6875,"[0.578125, 0.796875]",0.9199173450469971,"[0.8276125279546249, 1.0124920813075733]",0.6875,"[0.578125, 0.796875]",0.007083285599946976,3.0,8.72435009569017e-07,3.282355100964196e-05,1.5678515410399996e-06,-0.0005450201570056379,3.105384894297458e-05,2.6582541977404617e-05,5.821202631040023e-09,0.00027519825380295515,5.384590551216206e-10,1.253817316637651e-08,0.00027519825380295515,2.126580653794008e-07,2.0890663563477574e-06,0.0,0.6875,64,0.05685281753540039,0.827082435318101,caa
0.0,0.0,1.0,-0.29739004373550415,-0.3409675359725952,0.0,True,0.0,"[0.0, 0.0]",-0.043577514588832855,"[-0.07999452122712256, -0.01168564415748286]",0.0,"[0.0, 0.0]",0.007930856198072433,2.0,7.033491442598461e-07,6.075999408494681e-06,3.39880728006392e-07,1.5492085367441177e-05,2.327034053450916e-05,3.2198746339417994e-05,2.17096340904277e-09,0.002314973622560501,9.270777034942057e-09,3.3429994328315615e-09,0.002314973622560501,7.905076415681833e-08,6.226256914487749e-07,0.0,0.0,64,-0.009357750415802002,0.0034975016496208156,outside_window
0.0,0.0,1.0,-0.29739004373550415,-0.34524205327033997,0.0,True,0.0,"[0.0, 0.0]",-0.047852031886577606,"[-0.0849492478415332, -0.014968102256116913]",0.0,"[0.0, 0.0]",0.007269928697496653,4.0,6.355061827889585e-07,5.854248229297809e-06,3.278552469510032e-07,6.745621794834733e-05,1.4485041901934892e-05,2.021087311732117e-05,2.159432632709013e-09,0.0025664782151579857,8.987831812135028e-09,3.2024851659429032e-09,0.0025664782151579857,7.674275082081294e-08,5.926058292970993e-07,0.0,0.0,64,-0.008581697940826416,0.004992613944063695,outside_window
0.0,0.0,1.0,-0.29739004373550415,-0.35697704553604126,0.0,True,0.0,"[0.0, 0.0]",-0.0595870167016983,"[-0.1002389359974071, -0.023786286053142917]",0.0,"[0.0, 0.0]",0.007492606993764639,6.0,5.812095196233713e-07,5.073445208836347e-06,3.2266052585328e-07,9.667576523497701e-05,2.043633685389068e-05,2.5341696527902968e-05,2.3053368103376215e-09,0.0024403040297329426,8.328795431111757e-09,2.880345517652927e-09,0.0024403040297329426,7.662509915462579e-08,6.246669386200665e-07,0.0,0.0,64,-0.0072977542877197266,0.011710968287168111,outside_window
0.0,0.0,1.0,-0.29739004373550415,-0.35358142852783203,0.0,True,0.0,"[0.0, 0.0]",-0.056191377341747284,"[-0.09732519454108512, -0.01871873523031269]",0.0,"[0.0, 0.0]",0.006306348368525505,8.0,5.736342814088857e-07,4.821567017643247e-06,3.321180486182129e-07,1.702044392004609e-05,4.009011172456667e-05,1.9815985069726594e-05,2.329217041463494e-09,0.0012168394168838859,8.151515018539612e-09,2.850560454348283e-09,0.0012168394168838859,7.531340173727585e-08,5.626313281936746e-07,0.0,0.0,64,-0.00445479154586792,0.019177342472143977,outside_window
0.0,0.0,1.0,-0.29739004373550415,-0.35027915239334106,0.0,True,0.0,"[0.0, 0.0]",-0.0528891459107399,"[-0.09222052366151434, -0.01908380172784095]",0.0,"[0.0, 0.0]",0.006394398398697376,12.0,2.4109226615109947e-07,2.0718423456855817e-06,1.2007350846943154e-07,-1.840468030422926e-06,1.6070613128249533e-05,1.4067454685573466e-05,8.669238105163402e-10,0.00039279620978049934,2.7091651144672824e-09,1.1288499024431076e-09,0.00039279620978049934,2.9538268719875305e-08,2.5169785544676415e-07,0.0,0.0,64,-0.008147954940795898,0.023208807045495217,outside_window
0.0,0.0,1.0,-0.29739004373550415,-0.3486437499523163,0.0,True,0.0,"[0.0, 0.0]",-0.05125371366739273,"[-0.09542799077973854, -0.01182491423118819]",0.0,"[0.0, 0.0]",0.009268613532185555,16.0,6.263462637434714e-08,1.6068414652181673e-06,2.6608004688455367e-08,-2.9914663173258305e-05,1.105300361814443e-05,1.1258774975431152e-05,2.6115945517268813e-10,0.0004025214002467692,4.167662326359789e-10,7.282451308654458e-10,0.0004025214002467692,8.864130762731293e-09,1.1383819042976029e-07,0.0,0.0,64,-0.004820048809051514,0.01997442599320154,outside_window
