DEFAULT_base,DEFAULT_edit,beta,dM_base,dM_edit,excess,feasible,gain_DEFAULT,gain_DEFAULT_ci,gain_dM,gain_dM_ci,gain_lid,gain_lid_ci,kl_offdecision,lam,leak_am,leak_ar,leak_bn,leak_de,leak_fr,leak_hi,leak_max,leak_mr,leak_ne,leak_sw,leak_te,leak_ur,leak_zh,lid_base,lid_edit,n,util_nll,util_nll_all,variant
0.0,0.015625,0.0,-0.29739081859588623,-0.20698294043540955,0.0,True,0.015625,"[0.0, 0.046875]",0.09040787070989609,"[0.05841481091371072, 0.12467245944344539]",0.078125,"[-0.03125, 0.1875]",0.0012119495077058673,2.0,5.7777622963772757e-11,4.807946041296418e-09,7.170457561045396e-10,0.002790926955640316,5.9821049944730476e-06,3.158277112058627e-11,0.002790926955640316,4.88427354117249e-12,-9.238855340487628e-14,7.970383012434468e-05,1.368481977043201e-11,4.103743456163045e-10,-1.212706592923496e-07,0.140625,0.21875,64,-0.001617729663848877,0.0029360633396220415,full
0.0,0.0,0.5,-0.29739081859588623,-0.18848073482513428,0.0,True,0.0,"[0.0, 0.0]",0.10891008377075195,"[0.07098988729401796, 0.1473743996494459]",0.4375,"[0.3125, 0.5625]",0.0019714930094778538,2.0,4.1824141372437396e-11,3.8286893655481435e-09,5.158381499725806e-10,0.0034169466234743595,8.415227057412267e-07,1.689753892364365e-11,0.0034169466234743595,5.014354816784694e-12,3.959631017166898e-13,6.75650589982979e-05,6.828025124472337e-12,2.626553974316437e-10,-2.529106950532878e-07,0.140625,0.578125,64,0.015517055988311768,0.07326736035945824,full
0.0,0.015625,1.0,-0.29739081859588623,-0.18544813990592957,0.0,True,0.015625,"[0.0, 0.046875]",0.11194267123937607,"[0.06745002684764216, 0.15741099959118254]",0.453125,"[0.328125, 0.59375]",0.0034104068763554096,2.0,6.6424435396506e-12,1.361909029995445e-09,2.945092503203739e-10,0.0036381920799613,-7.2446418926119804e-06,6.612427619345773e-12,0.0036381920799613,2.9590633329051874e-12,-6.287532885833336e-13,5.512462666956708e-05,1.1620643683429854e-12,1.1936925059519155e-10,-3.8683958791807527e-07,0.140625,0.59375,64,0.03039342164993286,0.1222000491292663,full
0.0,0.84375,0.0,-0.29739081859588623,0.05095760151743889,0.0,True,0.84375,"[0.75, 0.921875]",0.3483484387397766,"[0.2824348298859832, 0.4205709849881032]",0.859375,"[0.765625, 0.9375]",0.003164977300912142,4.0,7.095504184206902e-10,4.29442401639335e-08,1.015786743607805e-08,0.0016924969386309385,0.010215885937213898,2.53542353778613e-10,0.010215885937213898,6.015703490902524e-10,1.4087057041700657e-11,0.00198625260964036,1.3944100041296537e-10,9.652699084483629e-09,6.677435521851294e-06,0.140625,1.0,64,-0.005011796951293945,0.04764208645050649,full
0.0,0.859375,0.5,-0.29739081859588623,0.05853014066815376,0.0,True,0.859375,"[0.765625, 0.9375]",0.3559209704399109,"[0.28606798939320016, 0.42710801231339696]",0.828125,"[0.734375, 0.921875]",0.0030162776820361614,4.0,5.466053165648077e-10,3.358863764901798e-08,8.693191055897387e-09,0.002596704289317131,0.010679117403924465,2.1057376675681638e-10,0.010679117403924465,4.987202872897001e-10,9.820437865681875e-12,0.001867938437499106,1.1260795768075482e-10,9.769612674404016e-09,6.432252121157944e-06,0.140625,0.96875,64,0.01245182752609253,0.1163733602132968,full
0.0,0.90625,1.0,-0.29739081859588623,0.0637228786945343,0.0,True,0.90625,"[0.828125, 0.96875]",0.36111369729042053,"[0.29173327054777476, 0.43318158419165226]",0.828125,"[0.734375, 0.921875]",0.004554492421448231,4.0,5.099649036388598e-10,3.216975130726496e-08,8.186840538826345e-09,0.002878229133784771,0.010768387466669083,1.9490860314608227e-10,0.010768387466669083,4.99221719518772e-10,9.681850807186088e-12,0.001845866092480719,1.0616339057856194e-10,1.0384723303502597e-08,7.19647687219549e-06,0.140625,0.96875,64,0.023041188716888428,0.1602101051323359,full
0.0,1.0,0.0,-0.29739081859588623,0.07255010306835175,0.0,True,1.0,"[1.0, 1.0]",0.36994093656539917,"[0.3008101713305223, 0.4395216440039803]",0.859375,"[0.765625, 0.9375]",0.004395466763526201,6.0,6.231143601098665e-09,1.5570383027352364e-07,6.247245920576461e-08,-0.00041722756577655673,0.006531831808388233,1.7681963671023482e-09,0.006531831808388233,1.0443276465821327e-08,6.237049210433554e-10,0.0011506208684295416,6.210317260446629e-10,2.8941634866441746e-08,2.3453669200534932e-05,0.140625,1.0,64,-0.012922167778015137,0.15511032407074365,full
0.0,1.0,0.5,-0.29739081859588623,0.06834852695465088,0.0,True,1.0,"[1.0, 1.0]",0.3657393455505371,"[0.29885149120600546, 0.4335199128407112]",0.859375,"[0.765625, 0.9375]",0.004947087727487087,6.0,1.857131670668366e-09,8.569673326519478e-08,4.115831231388256e-08,-0.0004632497439160943,0.006401384249329567,1.6069579000799195e-09,0.006401384249329567,5.3473390160263534e-09,2.500139262284762e-10,0.0009836400859057903,3.250838764845554e-10,1.88887838703522e-08,2.118923293892294e-05,0.140625,1.0,64,0.002589702606201172,0.21528733373251097,full
0.0,1.0,1.0,-0.29739081859588623,0.06929583102464676,0.0,True,1.0,"[1.0, 1.0]",0.3666866421699524,"[0.29903315299452515, 0.4356129309846437]",0.859375,"[0.765625, 0.9375]",0.006000624969601631,6.0,2.2049959635950245e-09,8.911740678740898e-08,5.558524662774289e-08,-0.0004755939298775047,0.006333428435027599,1.8681405311582466e-09,0.006333428435027599,5.675645287084308e-09,4.5305387219585214e-10,0.0011118961265310645,4.165317812887537e-10,1.9609371904039108e-08,3.075666245422326e-05,0.140625,1.0,64,0.016172051429748535,0.2551623192229733,full
0.0,1.0,0.0,-0.29739081859588623,0.1034497618675232,0.0,True,1.0,"[1.0, 1.0]",0.4008405804634094,"[0.33189185437440755, 0.47031321452013797]",0.859375,"[0.765625, 0.9375]",0.00635344535112381,8.0,5.1343325147001906e-09,2.234701810266415e-07,9.714120352555256e-08,-0.0003124163777101785,0.0067024920135736465,5.8900173627307595e-09,0.0067024920135736465,2.369657714496043e-08,1.0702982944366113e-09,0.0009089442901313305,6.702098320765515e-10,4.9378364508356754e-08,6.859424320282415e-05,0.140625,1.0,64,-0.02182900905609131,0.37137434547863757,full
0.0,1.0,0.5,-0.29739081859588623,0.10405277460813522,0.0,True,1.0,"[1.0, 1.0]",0.40144360065460205,"[0.3327179631392937, 0.47087216319487196]",0.859375,"[0.765625, 0.9375]",0.006755654234439135,8.0,4.611198534121286e-09,2.1151141993414058e-07,1.0274442274749163e-07,-0.00030856861849315464,0.006709277629852295,6.10317796301274e-09,0.006709277629852295,2.463529824581201e-08,1.1070064864782125e-09,0.0009152299026027322,5.942220604460147e-10,4.675860765246398e-08,8.767872350290418e-05,0.140625,1.0,64,-0.0037967562675476074,0.422624779828209,full
0.0,1.0,1.0,-0.29739081859588623,0.10552079975605011,0.0,True,1.0,"[1.0, 1.0]",0.40291160345077515,"[0.33426509018463546, 0.4724202524943394]",0.859375,"[0.765625, 0.9375]",0.00767778092995286,8.0,4.659809427209893e-09,2.171649384763441e-07,1.063380139498804e-07,-0.0003063782933168113,0.006666028872132301,6.288359610806538e-09,0.006666028872132301,2.5933919900467117e-08,1.1613402461918554e-09,0.0009387831669300795,5.85199277924886e-10,4.836319789092158e-08,9.154680446954444e-05,0.140625,1.0,64,0.01056671142578125,0.457560857137044,full
0.0,0.984375,0.0,-0.29739081859588623,0.1729043424129486,0.0,True,0.984375,"[0.953125, 1.0]",0.47029513120651245,"[0.41494909401371843, 0.5261770443088608]",0.84375,"[0.75, 0.921875]",0.010401764884591103,12.0,1.430118174994277e-07,1.9550379874999635e-06,3.669884335977258e-06,0.00036932271905243397,0.0031245730351656675,3.1617297224784124e-08,0.004492934327572584,6.221627586455725e-07,1.2493337919750047e-08,0.004492934327572584,1.8445847516090907e-08,1.912580387397611e-07,0.0005061419797129929,0.140625,0.984375,64,-0.03299081325531006,1.244158193680112,full
0.0,0.984375,0.5,-0.29739081859588623,0.1775159239768982,0.0,True,0.984375,"[0.953125, 1.0]",0.47490671277046204,"[0.42006028871401213, 0.5311244958284078]",0.84375,"[0.75, 0.921875]",0.01085972972214222,12.0,9.199793282732571e-08,1.5073350141392439e-06,3.0142302875901805e-06,0.00029760273173451424,0.0025352532975375652,2.6627997584682817e-08,0.004153250250965357,4.851854669141176e-07,8.799768025369303e-09,0.004153250250965357,1.1511257724805546e-08,1.443769974684983e-07,0.00042052590288221836,0.140625,0.984375,64,-0.017375290393829346,1.289387928077474,full
0.0,1.0,1.0,-0.29739081859588623,0.17657022178173065,0.0,True,1.0,"[1.0, 1.0]",0.4739610254764557,"[0.42035962303052654, 0.5292014546721475]",0.859375,"[0.765625, 0.9375]",0.011287584900856018,12.0,7.824365866326843e-08,1.4386863540494232e-06,3.4174313441326376e-06,0.0003097130684182048,0.0023876987397670746,2.6183670343016274e-08,0.004399558063596487,4.871233727499202e-07,7.941099333663715e-09,0.004399558063596487,9.866703898353535e-09,1.3516424246518e-07,0.00040613437886349857,0.140625,1.0,64,-0.0028571486473083496,1.3203120785461944,full
0.0,1.0,0.0,-0.29739081859588623,0.15048421919345856,0.0,True,1.0,"[1.0, 1.0]",0.4478750228881836,"[0.3960887575289235, 0.49950351855368347]",0.859375,"[0.765625, 0.9375]",0.014374630525708199,16.0,1.1045630543549123e-07,1.2347722986305598e-06,7.083233413140988e-06,0.00032787665259093046,0.003041306510567665,2.1519030113381632e-08,0.005141618195921183,7.204765211099584e-07,1.0284554541328816e-08,0.005141618195921183,1.0730766497601962e-08,8.707097975957367e-08,0.0006354327779263258,0.140625,1.0,64,-0.03714078664779663,2.4654826442513182,full
0.0,1.0,0.5,-0.29739081859588623,0.14515787363052368,0.0,True,1.0,"[1.0, 1.0]",0.4425486922264099,"[0.3910906821518438, 0.4943170345854014]",0.859375,"[0.765625, 0.9375]",0.014735348522663116,16.0,6.825360543416537e-08,9.053989060703316e-07,6.943553216842702e-06,0.00019913457799702883,0.0026199992280453444,1.6237668987173492e-08,0.004600613843649626,5.751452931690437e-07,7.082218811405028e-09,0.004600613843649626,6.862225898629504e-09,5.706165140395569e-08,0.0005344992969185114,0.140625,1.0,64,-0.022220611572265625,2.522659279244254,full
0.0,1.0,1.0,-0.29739081859588623,0.14288851618766785,0.0,True,1.0,"[1.0, 1.0]",0.4402793347835541,"[0.3885573730338365, 0.4923068450967548]",0.859375,"[0.765625, 0.9375]",0.015316524542868137,16.0,4.895905902913e-08,7.638782903995889e-07,6.64671051708865e-06,0.00014342274516820908,0.0023613343946635723,1.353379008861566e-08,0.004400343168526888,4.893637992609001e-07,5.327247087905107e-09,0.004400343168526888,4.931959285414678e-09,4.305341505528304e-08,0.00047383023775182664,0.140625,1.0,64,-0.008197307586669922,2.5598985250543262,full
0.0,0.015625,0.0,-0.29739081859588623,-0.20698294043540955,0.0,True,0.015625,"[0.0, 0.046875]",0.09040787070989609,"[0.05841481091371072, 0.12467245944344539]",0.078125,"[-0.03125, 0.1875]",0.0012119495077058673,2.0,5.7777622963772757e-11,4.807946041296418e-09,7.170457561045396e-10,0.002790926955640316,5.9821049944730476e-06,3.158277112058627e-11,0.002790926955640316,4.88427354117249e-12,-9.238855340487628e-14,7.970383012434468e-05,1.368481977043201e-11,4.103743456163045e-10,-1.212706592923496e-07,0.140625,0.21875,64,-0.001617729663848877,0.0029360633396220415,pos_only
0.0,0.84375,0.0,-0.29739081859588623,0.05095760151743889,0.0,True,0.84375,"[0.75, 0.921875]",0.3483484387397766,"[0.2824348298859832, 0.4205709849881032]",0.859375,"[0.765625, 0.9375]",0.003164977300912142,4.0,7.095504184206902e-10,4.29442401639335e-08,1.015786743607805e-08,0.0016924969386309385,0.010215885937213898,2.53542353778613e-10,0.010215885937213898,6.015703490902524e-10,1.4087057041700657e-11,0.00198625260964036,1.3944100041296537e-10,9.652699084483629e-09,6.677435521851294e-06,0.140625,1.0,64,-0.005011796951293945,0.04764208645050649,pos_only
0.0,1.0,0.0,-0.29739081859588623,0.07255010306835175,0.0,True,1.0,"[1.0, 1.0]",0.36994093656539917,"[0.3008101713305223, 0.4395216440039803]",0.859375,"[0.765625, 0.9375]",0.004395466763526201,6.0,6.231143601098665e-09,1.5570383027352364e-07,6.247245920576461e-08,-0.00041722756577655673,0.006531831808388233,1.7681963671023482e-09,0.006531831808388233,1.0443276465821327e-08,6.237049210433554e-10,0.0011506208684295416,6.210317260446629e-10,2.8941634866441746e-08,2.3453669200534932e-05,0.140625,1.0,64,-0.012922167778015137,0.15511032407074365,pos_only
0.0,1.0,0.0,-0.29739081859588623,0.1034497618675232,0.0,True,1.0,"[1.0, 1.0]",0.4008405804634094,"[0.33189185437440755, 0.47031321452013797]",0.859375,"[0.765625, 0.9375]",0.00635344535112381,8.0,5.1343325147001906e-09,2.234701810266415e-07,9.714120352555256e-08,-0.0003124163777101785,0.0067024920135736465,5.8900173627307595e-09,0.0067024920135736465,2.369657714496043e-08,1.0702982944366113e-09,0.0009089442901313305,6.702098320765515e-10,4.9378364508356754e-08,6.859424320282415e-05,0.140625,1.0,64,-0.02182900905609131,0.37137434547863757,pos_only
0.0,0.984375,0.0,-0.29739081859588623,0.1729043424129486,0.0,True,0.984375,"[0.953125, 1.0]",0.47029513120651245,"[0.41494909401371843, 0.5261770443088608]",0.84375,"[0.75, 0.921875]",0.010401764884591103,12.0,1.430118174994277e-07,1.9550379874999635e-06,3.669884335977258e-06,0.00036932271905243397,0.0031245730351656675,3.1617297224784124e-08,0.004492934327572584,6.221627586455725e-07,1.2493337919750047e-08,0.004492934327572584,1.8445847516090907e-08,1.912580387397611e-07,0.0005061419797129929,0.140625,0.984375,64,-0.03299081325531006,1.244158193680112,pos_only
0.0,1.0,0.0,-0.29739081859588623,0.15048421919345856,0.0,True,1.0,"[1.0, 1.0]",0.4478750228881836,"[0.3960887575289235, 0.49950351855368347]",0.859375,"[0.765625, 0.9375]",0.014374630525708199,16.0,1.1045630543549123e-07,1.2347722986305598e-06,7.083233413140988e-06,0.00032787665259093046,0.003041306510567665,2.1519030113381632e-08,0.005141618195921183,7.204765211099584e-07,1.0284554541328816e-08,0.005141618195921183,1.0730766497601962e-08,8.707097975957367e-08,0.0006354327779263258,0.140625,1.0,64,-0.03714078664779663,2.4654826442513182,pos_only
0.0,0.0,0.0,-0.29739081859588623,-0.29739081859588623,0.0,True,0.0,"[0.0, 0.0]",0.0,"[0.0, 0.0]",0.0,"[0.0, 0.0]",0.0,1.0,0.0,0.0,0.0,0.0,0.0,0.0,0.0,0.0,0.0,0.0,0.0,0.0,0.0,0.140625,0.140625,64,0.0,0.0,neg_only
0.0,0.0,0.5,-0.29739081859588623,-0.2732355296611786,0.0,True,0.0,"[0.0, 0.0]",0.024155275896191597,"[-0.0058440050665161895, 0.05512800619907451]",0.234375,"[0.125, 0.34375]",0.0011696023866534233,1.0,-1.3909665086409007e-11,-2.6386937079792006e-10,1.849960462596556e-11,4.974426701664925e-07,-5.348056220100261e-06,-6.842777212912043e-13,9.482781024416909e-06,1.2866373548178767e-13,-4.267195863154327e-13,9.482781024416909e-06,-7.696334888840362e-13,-4.956664245714393e-11,-5.251550305729324e-07,0.140625,0.375,64,0.017681539058685303,0.0682901187929148,neg_only
0.0,0.0,1.0,-0.29739081859588623,-0.2599971890449524,0.0,True,0.0,"[0.0, 0.0]",0.03739364445209503,"[-0.0010007968830386459, 0.0777613020369191]",0.328125,"[0.203125, 0.453125]",0.002890906296670437,1.0,-1.4220718352886408e-11,-2.768563156507753e-10,-2.5515298207601234e-11,-6.239133654162288e-05,-1.045415956468787e-05,-1.537495391418231e-12,1.6020829207263887e-05,2.210811828745607e-13,-6.273256111626047e-13,1.6020829207263887e-05,-2.9223169023540052e-12,-6.119432738316277e-11,-7.184248147495964e-07,0.140625,0.46875,64,0.030369579792022705,0.11867265548201722,neg_only
0.0,0.015625,1.0,-0.29739081859588623,-0.15626555681228638,0.0,True,0.015625,"[0.0, 0.046875]",0.14112526178359985,"[0.09696916040138781, 0.18666301464079707]",0.53125,"[0.40625, 0.65625]",0.003139880485832691,2.0,6.884992576061677e-11,5.275461845144491e-09,8.486882863145695e-10,0.003512128721922636,7.289980203495361e-06,2.3717980704440755e-11,0.003512128721922636,8.567485262900298e-12,-5.381383273023177e-14,7.66189768910408e-05,2.1563049956707658e-11,4.74060457555936e-10,-7.722724149061833e-08,0.140625,0.671875,64,0.02759850025177002,0.10135569405848388,sparse_only
0.0,0.96875,1.0,-0.29739081859588623,0.07367059588432312,0.0,True,0.96875,"[0.921875, 1.0]",0.37106141448020935,"[0.2982710785232484, 0.44361517444631315]",0.859375,"[0.765625, 0.9375]",0.0044230250641703606,4.0,1.070220467802585e-09,6.593398182985766e-08,1.4358259470270696e-08,0.0005672076367773116,0.010105427354574203,5.313914863691593e-10,0.010105427354574203,1.0428761187952773e-09,3.216654720361589e-11,0.002407254185527563,2.7142033065530313e-10,1.403031379965114e-08,1.0536137779126875e-05,0.140625,1.0,64,0.020299255847930908,0.1279736447717017,sparse_only
0.0,1.0,1.0,-0.29739081859588623,0.08482424914836884,0.0,True,1.0,"[1.0, 1.0]",0.38221508264541626,"[0.3120722375919286, 0.4560397019064112]",0.859375,"[0.765625, 0.9375]",0.00619019940495491,6.0,4.776171458331646e-09,2.0005801104616694e-07,7.381146360785351e-08,-0.0004201311385259032,0.00689837196841836,4.776747442036822e-09,0.00689837196841836,1.3772328166794523e-08,6.248002115682993e-10,0.0011457361979410052,9.15054698680251e-10,4.037245204813189e-08,3.35657641699072e-05,0.140625,1.0,64,0.009901821613311768,0.23529920767116774,sparse_only
0.0,1.0,1.0,-0.29739081859588623,0.12036122381687164,0.0,True,1.0,"[1.0, 1.0]",0.4177520275115967,"[0.3509691810788354, 0.484786934708245]",0.859375,"[0.765625, 0.9375]",0.00785868801176548,8.0,1.840828467436495e-08,6.244709425118344e-07,2.4269672849186463e-07,-0.00016094508464448154,0.007431924343109131,1.8527426703940364e-08,0.007431924343109131,7.239437849193564e-08,2.31141283890679e-09,0.0017428805585950613,2.270649446245443e-09,1.0871740840912025e-07,0.00013492170546669513,0.140625,1.0,64,0.0025896430015563965,0.4876910831930501,sparse_only
0.0,1.0,1.0,-0.29739081859588623,0.179129958152771,0.0,True,1.0,"[1.0, 1.0]",0.4765208065509796,"[0.4240078516188078, 0.5291506575187668]",0.859375,"[0.765625, 0.9375]",0.01238300185650587,12.0,1.7350033942875598e-07,2.4453456717310473e-06,6.0393172134354245e-06,0.00046945776557549834,0.003695071442052722,5.4122967441117e-08,0.006990593392401934,9.361934303342423e-07,1.4909339540736255e-08,0.006990593392401934,2.0691198088229612e-08,2.3421517880706233e-07,0.0005954600055702031,0.140625,1.0,64,-0.0070552825927734375,1.483231922722403,sparse_only
0.0,0.984375,1.0,-0.29739081859588623,0.14709818363189697,0.0,True,0.984375,"[0.953125, 1.0]",0.4444889724254608,"[0.3931929966551252, 0.4965531631489284]",0.84375,"[0.75, 0.9375]",0.016762007027864456,16.0,9.200064710057632e-08,1.0299471568941954e-06,8.776642062002793e-06,0.0002377884229645133,0.0031153596937656403,2.6032298094946782e-08,0.0052243745885789394,7.340084948737058e-07,8.131433304470193e-09,0.0052243745885789394,9.01273455866658e-09,7.620166542210427e-08,0.0005395635380409658,0.140625,0.984375,64,-0.01377779245376587,2.78304238990301,sparse_only
0.0,0.0,1.0,-0.29739081859588623,-0.29672056436538696,0.0,True,0.0,"[0.0, 0.0]",0.0006702658720314503,"[-0.004114369945608587, 0.008410778997796336]",0.0,"[-0.046875, 0.046875]",0.0006294666673056781,2.0,3.775672829942067e-11,1.175174846324012e-09,4.9432055670983743e-11,6.456801202148199e-06,2.480737748555839e-08,1.9891271789418408e-13,6.456801202148199e-06,2.62101213129029e-13,8.55998648699452e-13,-2.872789991670288e-06,6.046088109334935e-12,8.316540511810189e-11,5.751712706114631e-07,0.140625,0.140625,64,-0.0011565089225769043,-0.000521904798585382,random
0.0,0.0,1.0,-0.29739081859588623,-0.2967803478240967,0.0,True,0.0,"[0.0, 0.0]",0.00061048474162817,"[-0.0052371199283157924, 0.00899381911717184]",0.0,"[-0.046875, 0.046875]",0.000576502934563905,4.0,4.344436616010583e-11,1.480767730654975e-09,7.448809624666097e-11,8.967472240328789e-06,-3.164430381730199e-06,7.610932283713678e-13,8.967472240328789e-06,3.396880216346987e-13,9.358137095100139e-13,6.302871042862535e-07,7.732607089361299e-12,1.0131691319248404e-10,5.459157819132088e-07,0.140625,0.140625,64,-0.0008175373077392578,-0.0026453664777865704,random
0.0,0.0,1.0,-0.29739081859588623,-0.2955396771430969,0.0,True,0.0,"[0.0, 0.0]",0.001851154724135995,"[-0.0029820155220789957, 0.009507066768458113]",0.0,"[0.0, 0.0]",0.000563515059184283,6.0,4.480468079881561e-11,1.5153027721481749e-09,7.687105119114079e-11,-1.8504797481000423e-06,-2.852342731785029e-06,9.573017292069386e-13,5.836036507389508e-07,3.565006905133228e-13,1.0808960063807271e-12,2.5753615773282945e-07,7.560791402683176e-12,1.0541408024256071e-10,5.836036507389508e-07,0.140625,0.140625,64,-0.00017780065536499023,-0.0048452265652092485,random
0.0,0.0,1.0,-0.29739081859588623,-0.2962806522846222,0.0,True,0.0,"[0.0, 0.0]",0.001110142096877098,"[-0.0046469642384217025, 0.009235139301168961]",0.0,"[-0.046875, 0.046875]",0.0007048276020213962,8.0,5.446269130127135e-11,1.8108063937205543e-09,9.153201807610145e-11,3.384274896234274e-05,5.2967152441851795e-08,1.0223013841709205e-12,3.384274896234274e-05,4.082570327808288e-13,1.0726604066785272e-12,7.33562046661973e-08,9.087266529539395e-12,1.2562929863069172e-10,7.281724947461043e-07,0.140625,0.140625,64,-0.0009497404098510742,-0.00697633384870322,random
0.0,0.0,1.0,-0.29739081859588623,-0.29832136631011963,0.0,True,0.0,"[0.0, 0.0]",-0.0009305503917858005,"[-0.0029033559784330974, 0.0008819555915675178]",0.0,"[0.0, 0.0]",0.0007291682413779199,12.0,6.516137629475338e-11,2.357605888292369e-09,1.2987198816372114e-10,9.296578355133533e-06,6.742266123183072e-08,1.659969687747842e-12,9.296578355133533e-06,5.713393625393637e-13,1.6562669204883695e-12,-6.449772627092898e-08,1.1387365876636135e-11,1.6099639676969701e-10,8.310067869388149e-07,0.140625,0.140625,64,-0.000626981258392334,-0.008585085161910033,random
0.0,0.0,1.0,-0.29739081859588623,-0.2956044375896454,0.0,True,0.0,"[0.0, 0.0]",0.0017863651737570763,"[-0.00409590350981226, 0.009905505033514212]",-0.015625,"[-0.046875, 0.0]",0.0007341989548876882,16.0,8.123646200175472e-11,2.962835532471786e-09,1.6623842580276715e-10,2.3948727175593376e-05,3.6396540963323787e-06,2.296261488246576e-12,2.3948727175593376e-05,6.984823418439146e-13,1.8454647532362145e-12,-1.1017928045475855e-06,1.3945850550756145e-11,1.933060517211871e-10,9.106964853344834e-07,0.140625,0.125,64,-0.00045096874237060547,-0.013096080848470582,random
0.0,0.0,0.0,-0.29739081859588623,-0.2825147807598114,0.0,True,0.0,"[0.0, 0.0]",0.014876032248139381,"[0.00813541801398543, 0.024999434612422]",-0.046875,"[-0.109375, 0.0]",0.0009862056467682123,0.5,6.412678721368081e-11,3.188763697536956e-09,2.6714574996589135e-10,-0.00020310789113864303,-9.695824701339006e-06,6.101727630103415e-12,4.285157046979293e-07,8.926977538258052e-13,1.7540415734457193e-12,-2.933871655841358e-06,9.815650896249917e-12,1.876822725010996e-10,4.285157046979293e-07,0.140625,0.09375,64,0.002718985080718994,0.009519014187417074,caa
0.0,0.0,0.0,-0.29739081859588623,-0.2499157041311264,0.0,True,0.0,"[0.0, 0.0]",0.04747511446475983,"[0.022545774831780108, 0.07672345927861954]",0.0,"[-0.078125, 0.078125]",0.002412813249975443,1.0,3.8540354241334285e-10,2.2034146951455114e-08,1.8051655725770388e-09,-0.0002619026636239141,-6.707481588819064e-06,4.3523722820237865e-11,1.1203537724213675e-05,7.100258749004329e-12,1.0403809758141591e-11,1.1203537724213675e-05,5.5794598108338533e-11,1.4335503895068769e-09,2.8784834285033867e-06,0.140625,0.140625,64,0.004870116710662842,0.021476539831548624,caa
0.0,0.0,0.0,-0.29739081859588623,-0.1319418102502823,0.0,True,0.0,"[0.0, 0.0]",0.16544899344444275,"[0.12319090450517986, 0.20950126281404557]",0.359375,"[0.21875, 0.5]",0.0034712294582277536,1.5,1.2694010287361834e-09,9.257983180077645e-08,7.42957650956555e-09,0.0027742863167077303,4.643839201889932e-05,2.170400664747163e-10,0.0027742863167077303,3.4701949647164554e-11,7.744312136015452e-12,9.222845255862921e-05,1.7197875068486468e-10,6.970221289037681e-09,1.1196638297406025e-05,0.140625,0.5,64,0.005533337593078613,0.036381772827494,caa
0.0,0.515625,0.0,-0.29739081859588623,0.012029416859149933,0.0,True,0.515625,"[0.40625, 0.640625]",0.30942022800445557,"[0.24721186070867135, 0.3755443379147664]",0.8125,"[0.71875, 0.90625]",0.005293644033372402,2.0,6.179683964546712e-08,2.2222297957341652e-06,7.393057899207633e-08,0.003403211012482643,0.005647008307278156,2.5194532682348836e-08,0.005647008307278156,6.297372401320445e-09,3.5455988145471906e-10,0.0007961855735629797,1.361672374855516e-08,3.424942462970648e-07,0.0002783530217129737,0.140625,0.953125,64,0.00631338357925415,0.05728997679900383,caa
0.0,0.96875,0.0,-0.29739081859588623,0.06628590077161789,0.0,True,0.96875,"[0.921875, 1.0]",0.36367669701576233,"[0.2979337102296995, 0.42886126936591606]",0.84375,"[0.75, 0.921875]",0.010174253955483437,3.0,7.973490312451759e-08,4.406166681292234e-06,1.3819875732679066e-07,0.0005239082383923233,0.0014339424669742584,8.090712100283781e-08,0.001660877256654203,1.3650856445224235e-08,6.53692544538842e-10,0.001660877256654203,1.4241624768374095e-08,2.836271448813932e-07,0.0007929540006443858,0.140625,0.984375,64,0.0005755424499511719,0.11572410882476136,caa
0.0,0.0,1.0,-0.29739081859588623,-0.32986143231391907,0.0,True,0.0,"[0.0, 0.0]",-0.032470621168613434,"[-0.06603731211066446, -0.0038711627029258135]",0.015625,"[-0.03125, 0.0625]",0.055531058460474014,2.0,1.1612759465151612e-07,9.696109373180661e-07,6.36258619124419e-08,-2.631661482155323e-05,0.0011839692015200853,9.44425981863617e-10,0.0011839692015200853,8.34511404423921e-10,1.1568953434126783e-10,0.00011943053686991334,6.8954375542773505e-09,1.6758994547672046e-07,1.4058939086680766e-05,0.140625,0.15625,64,0.013762891292572021,0.11402872624095561,outside_window
0.0,0.0,1.0,-0.29739081859588623,-0.30595648288726807,0.0,True,0.0,"[0.0, 0.0]",-0.008565678261220455,"[-0.03307963692638864, 0.013475664480758083]",0.0,"[-0.046875, 0.046875]",0.050674423575401306,4.0,2.910635998887301e-07,2.793959765767795e-06,1.0546420980972471e-07,4.733639070764184e-05,3.5251956433057785e-05,2.200722798439969e-10,0.00023862443049438298,3.512458934817886e-10,4.731811609204328e-10,0.00023862443049438298,4.7729447061328756e-08,4.830665716326621e-07,2.300655069120694e-05,0.140625,0.140625,64,0.015970289707183838,0.12151493274231218,outside_window
0.0,0.0,1.0,-0.29739081859588623,-0.28039008378982544,0.0,True,0.0,"[0.0, 0.0]",0.0170007161796093,"[-0.005412931586778314, 0.04052575095702124]",-0.03125,"[-0.078125, 0.0]",0.05665462091565132,6.0,9.493649422154249e-09,3.235951453461894e-07,9.339397699648089e-09,5.79336192458868e-05,0.0019591758027672768,1.7299330024034276e-10,0.0019591758027672768,1.0684812409844646e-11,3.2716232500895615e-11,0.00022632171749137342,6.629199966745603e-10,9.406970491454558e-08,1.008757135423366e-05,0.140625,0.109375,64,0.019656658172607422,0.12678810602319546,outside_window
0.0,0.0,1.0,-0.29739081859588623,-0.27114370465278625,0.0,True,0.0,"[0.0, 0.0]",0.02624712511897087,"[0.003099891717479508, 0.05093032201860903]",-0.015625,"[-0.0625, 0.03125]",0.05946841463446617,8.0,8.344684054861773e-09,2.85263809018943e-07,2.1500815350350422e-08,1.406355295330286e-05,0.0008466789731755853,1.861347881382258e-11,0.0008466789731755853,3.2073729089310277e-11,1.7995767376266514e-10,0.0003491321695037186,4.671512066067862e-10,2.94517370491576e-08,1.84938580787275e-05,0.140625,0.125,64,0.01925516128540039,0.13162664606168173,outside_window
0.0,0.0,1.0,-0.29739081859588623,-0.2357928603887558,0.0,True,0.0,"[0.0, 0.0]",0.06159794330596924,"[0.028317518218027617, 0.09460659782634866]",0.046875,"[-0.0625, 0.15625]",0.08114718645811081,12.0,4.5954987371032985e-08,1.0269662880091346e-06,9.968666603299425e-08,0.0026655581314116716,0.0011312176939100027,2.5286346350128497e-09,0.0026655581314116716,2.09311123988698e-09,7.562315218478943e-10,0.00019231614714954048,3.693720440622883e-09,1.0265164007705607e-07,5.743512519984506e-05,0.140625,0.1875,64,0.026478886604309082,0.14232417116534357,outside_window
0.0,0.0,1.0,-0.29739081859588623,-0.19228896498680115,0.0,True,0.0,"[0.0, 0.0]",0.10510183870792389,"[0.06234078438302859, 0.15012240436564625]",0.28125,"[0.125, 0.421875]",0.10755625367164612,16.0,7.786341171822642e-08,1.587480596754176e-06,1.2351675593436084e-07,0.00306482776068151,0.0012577124871313572,1.0533814709390299e-08,0.00306482776068151,2.309099800257286e-09,7.36871730300237e-10,0.00196622172370553,6.6718812696819896e-09,1.6372229083572165e-07,8.719875040696934e-05,0.140625,0.421875,64,0.023992717266082764,0.13574827696716474,outside_window
