DEFAULT_base,DEFAULT_edit,beta,dM_base,dM_edit,excess,feasible,gain_DEFAULT,gain_DEFAULT_ci,gain_dM,gain_dM_ci,gain_lid,gain_lid_ci,kl_offdecision,lam,leak_am,leak_ar,leak_bn,leak_de,leak_es,leak_fr,leak_hi,leak_max,leak_mr,leak_ne,leak_te,leak_ur,leak_zh,lid_base,lid_edit,n,util_nll,util_nll_all,variant
0.0,0.0,0.0,-0.4883844256401062,-0.47351914644241333,0.0,True,0.0,"[0.0, 0.0]",0.01486528292298317,"[-0.0030253361813265653, 0.031093080540904337]",0.0,"[0.0, 0.0]",0.022241266444325447,2.0,0.0,6.72112889787968e-08,2.5214608179169318e-09,1.376982982037589e-05,4.207682650303468e-05,7.439053661073558e-06,5.218520726657516e-09,4.207682650303468e-05,1.3545715660256974e-09,2.889539274519848e-09,0.0,1.9482385482660902e-08,6.420093541237293e-07,0.0,0.0,64,-0.08254520148038846,-0.027854756059864982,full
0.0,0.0,0.5,-0.4883844256401062,-0.40036076307296753,0.0,True,0.0,"[0.0, 0.0]",0.08802367001771927,"[0.042733944097562926, 0.1319166999812296]",0.0,"[0.0, 0.0]",0.04554634541273117,2.0,0.0,1.4264676337916171e-06,3.078846333437468e-08,0.00012236766633577645,0.00030308050918392837,8.447897562291473e-05,1.4381242863237276e-07,0.00030308050918392837,4.093576322361514e-08,7.816929326054378e-08,0.0,3.3739257787601673e-07,1.1533305041666608e-05,0.0,0.0,64,-0.06235725581646001,0.05304442820083066,full
0.0,0.0,1.0,-0.4883844256401062,-0.33597052097320557,0.0,True,0.0,"[0.0, 0.0]",0.15241388976573944,"[0.09985663515690249, 0.20441217533880254]",0.0,"[0.0, 0.0]",0.07564079761505127,2.0,0.0,3.0459418667305727e-06,6.467708146828954e-08,0.00017912310431711376,0.00037613557651638985,0.00013967033009976149,5.220626917434856e-07,0.00037613557651638985,1.9337497292326589e-07,1.3180351743358187e-07,0.0,6.839101160949212e-07,2.3744336431263946e-05,0.0,0.0,64,-0.0501463443040846,0.1712550728335942,full
0.0,0.0,0.0,-0.4883844256401062,-0.4326437711715698,0.0,True,0.0,"[0.0, 0.0]",0.05574063956737518,"[0.02502244070155939, 0.09026101848576212]",0.0,"[0.0, 0.0]",0.07249793410301208,4.0,0.0,4.906652293357183e-07,1.3019548106285583e-08,9.889897046377882e-05,0.00011328106484143063,5.932168278377503e-05,4.88125735387257e-08,0.00011328106484143063,1.2439227425886656e-08,1.9512741644689413e-08,0.0,1.2146770700383058e-07,4.206101039017085e-06,0.0,0.0,64,-0.12152443081140518,-0.0065363267355302845,full
0.0,0.0,0.5,-0.4883844256401062,-0.3658198118209839,0.0,True,0.0,"[0.0, 0.0]",0.12256459146738052,"[0.07295308988832402, 0.16863524503423832]",0.0,"[0.0, 0.0]",0.08728035539388657,4.0,0.0,2.6322450139559805e-06,6.310892075589436e-08,0.00028078205650672317,0.00047104264376685023,0.00031282828422263265,2.6650624818103097e-07,0.00047104264376685023,7.118898537328278e-08,1.4001223291870701e-07,0.0,6.676332873212232e-07,2.187419704569038e-05,0.0,0.0,64,-0.11218579262495076,0.09079310363642623,full
0.0,0.0,1.0,-0.4883844256401062,-0.2937726378440857,0.0,True,0.0,"[0.0, 0.0]",0.19461177289485931,"[0.1366571835555078, 0.2522709953715093]",0.0,"[0.0, 0.0]",0.11148318648338318,4.0,0.0,5.708517164748628e-06,1.1848138115055917e-07,0.0004938539350405335,0.0006436833064071834,0.0005131757352501154,9.107305913857999e-07,0.0006436833064071834,1.965127438552372e-07,2.682193098735297e-07,0.0,1.6122584156619268e-06,4.492823063628748e-05,0.0,0.0,64,-0.10221706777811068,0.21698730690811363,full
0.0,0.0,0.0,-0.4883844256401062,-0.39207080006599426,0.0,True,0.0,"[0.0, 0.0]",0.09631361812353134,"[0.06019090779686849, 0.13480129515469344]",0.0,"[0.0, 0.0]",0.13722270727157593,6.0,0.0,3.1806832794245565e-06,8.166539089415892e-08,0.0006586668314412236,0.0004744072793982923,0.0009953734697774053,3.7826200127710763e-07,0.0009953734697774053,9.29488450651661e-08,1.2166587737283407e-07,0.0,8.359075991393183e-07,2.43277881963877e-05,0.0,0.0,64,-0.13275710791349393,0.06727982201843874,full
0.0,0.0,0.5,-0.4883844256401062,-0.2626890242099762,0.0,True,0.0,"[0.0, 0.0]",0.22569540143013,"[0.1740728659244269, 0.2748667005226707]",0.046875,"[0.0, 0.09375]",0.14991378784179688,6.0,0.0,1.2481001249398105e-05,2.5848720497378963e-07,0.0016435892321169376,0.0011557452380657196,0.0017160344868898392,1.5694539570176858e-06,0.0017160344868898392,3.8297369542306114e-07,5.749078013650433e-07,0.0,3.7692359455832047e-06,9.313336340710521e-05,0.0,0.046875,64,-0.1267726138234142,0.18868354749778682,full
0.0,0.0,1.0,-0.4883844256401062,-0.21008650958538055,0.0,True,0.0,"[0.0, 0.0]",0.27829790115356445,"[0.2184317999635823, 0.3371237659892358]",0.078125,"[0.015625, 0.140625]",0.17386040091514587,6.0,0.0,2.1938149075140245e-05,4.0139366319635883e-07,0.002561831148341298,0.001998024992644787,0.0024088392965495586,2.507748149582767e-06,0.002561831148341298,6.516393682431953e-07,9.414548003405798e-07,0.0,6.510700131912017e-06,0.0001557708455948159,0.0,0.078125,64,-0.12252338677644747,0.33040423799701113,full
0.0,0.0,0.0,-0.4883844256401062,-0.25932633876800537,0.0,True,0.0,"[0.0, 0.0]",0.22905808687210083,"[0.18484592966169658, 0.2768144162977477]",0.015625,"[0.0, 0.046875]",0.20989665389060974,8.0,0.0,1.346271801594412e-05,2.78809551446102e-07,0.0029455123003572226,0.0025793968234211206,0.0028333680238574743,1.628293034627859e-06,0.0029455123003572226,3.9777788174433226e-07,5.197113637223083e-07,0.0,3.81822655981523e-06,9.740835230331868e-05,0.0,0.015625,64,-0.1188304618000986,0.19114835901716365,full
0.0,0.078125,0.5,-0.4883844256401062,-0.07061353325843811,0.0,True,0.078125,"[0.015625, 0.14101562499999787]",0.4177708625793457,"[0.35550177578261355, 0.47727439296359075]",0.140625,"[0.0625, 0.234375]",0.22111552953720093,8.0,0.0,3.070885577471927e-05,5.044466888648458e-07,0.005692498292773962,0.003991333302110434,0.005034633446484804,3.3134922432509484e-06,0.005692498292773962,9.194230869979947e-07,1.2478554936024011e-06,0.0,9.443831004318781e-06,0.00022302402066998184,0.0,0.140625,64,-0.11669346839189565,0.32974637323010736,full
0.0,0.1875,1.0,-0.4883844256401062,0.01160226296633482,0.0,True,0.1875,"[0.09375, 0.28125]",0.4999866783618927,"[0.43374029002670794, 0.5613889998690865]",0.265625,"[0.15625, 0.375]",0.24855589866638184,8.0,0.0,4.109485598746687e-05,6.083519679123128e-07,0.007123486138880253,0.0049242074601352215,0.005878681316971779,4.262684797140537e-06,0.007123486138880253,1.1123833019155427e-06,1.6772019080235623e-06,0.0,1.2494556358433329e-05,0.00029129660106264055,0.0,0.265625,64,-0.11559684425592387,0.4821921207800721,full
0.0,0.359375,0.0,-0.4883844256401062,0.1753351241350174,0.0,True,0.359375,"[0.25, 0.484375]",0.6637195348739624,"[0.596741661868873, 0.7238746270973933]",0.359375,"[0.25, 0.484375]",0.3752904534339905,12.0,0.0,4.067456757184118e-05,6.080855996515311e-07,0.011033736169338226,0.009171484969556332,0.008271212689578533,4.169849944446469e-06,0.011033736169338226,1.221108618665312e-06,1.8739398228717619e-06,0.0,1.2509003681770992e-05,0.00029273959808051586,0.0,0.359375,64,-0.04842209070920944,0.5109976088430677,full
0.0,0.5625,0.5,-0.4883844256401062,0.2463044673204422,0.0,True,0.5625,"[0.4375, 0.6875]",0.7346888780593872,"[0.6634120899660048, 0.7967630481813103]",0.5625,"[0.4375, 0.6875]",0.37469327449798584,12.0,0.0,4.673281000577845e-05,5.360146815291955e-07,0.013498272746801376,0.008778654970228672,0.010685971938073635,4.51617552243988e-06,0.013498272746801376,1.3593588619187358e-06,2.445393192829215e-06,0.0,1.45714848258649e-05,0.00035360915353521705,0.0,0.5625,64,-0.04806374162435567,0.6499785139754009,full
0.0,0.609375,1.0,-0.4883844256401062,0.2773071825504303,0.0,True,0.609375,"[0.484375, 0.71875]",0.7656916379928589,"[0.6926785777061013, 0.8306373725412414]",0.609375,"[0.484375, 0.71875]",0.4098089337348938,12.0,0.0,5.087672980153002e-05,5.467065875564003e-07,0.01426380593329668,0.009413986466825008,0.009217529557645321,4.913052634947235e-06,0.01426380593329668,1.3618537195725366e-06,2.784253410936799e-06,0.0,1.619586328160949e-05,0.00038879946805536747,0.0,0.609375,64,-0.043480311334133326,0.80048028386804,full
0.0,0.78125,0.0,-0.4883844256401062,0.32227879762649536,0.00657714873552287,False,0.78125,"[0.671875, 0.875]",0.8106632232666016,"[0.7495503829442896, 0.8657787087024189]",0.78125,"[0.671875, 0.875]",0.5509154796600342,16.0,0.0,5.540123675018549e-05,6.299472943283035e-07,0.01797645166516304,0.01361438911408186,0.010394693352282047,5.502716248884099e-06,0.01797645166516304,1.7214418903677142e-06,2.63366314356972e-06,0.0,1.835594594012946e-05,0.00040792368235997856,0.0,0.78125,64,0.03657714873552287,0.8209865990398826,full
0.0,0.671875,0.5,-0.4883844256401062,0.34143567085266113,0.00933163434267062,False,0.671875,"[0.546875, 0.78125]",0.8298200964927673,"[0.7690694996563252, 0.8851982585270889]",0.671875,"[0.546875, 0.78125]",0.5421371459960938,16.0,0.0,5.200419400352985e-05,5.381035066420736e-07,0.016424821689724922,0.011871391907334328,0.009431387297809124,4.713597718364326e-06,0.016424821689724922,1.506082867308578e-06,2.7433541163190966e-06,0.0,1.6397352737840265e-05,0.000396073330193758,0.0,0.671875,64,0.03933163434267062,0.9398509368579253,full
0.0,0.546875,1.0,-0.4883844256401062,0.35142242908477783,0.015226342976093293,False,0.546875,"[0.421875, 0.65625]",0.839806854724884,"[0.7787275202572346, 0.895375108148437]",0.546875,"[0.421875, 0.65625]",0.5778939723968506,16.0,0.0,5.3715990361524746e-05,5.472615498547384e-07,0.016221895813941956,0.011802779510617256,0.00945583451539278,4.770649866259191e-06,0.016221895813941956,1.4644715520262253e-06,2.966316287711379e-06,0.0,1.6699310435797088e-05,0.0004109754809178412,0.0,0.546875,64,0.04522634297609329,1.0708885065978877,full
0.0,0.0,0.0,-0.4883844256401062,-0.47351914644241333,0.0,True,0.0,"[0.0, 0.0]",0.01486528292298317,"[-0.0030253361813265653, 0.031093080540904337]",0.0,"[0.0, 0.0]",0.022241266444325447,2.0,0.0,6.72112889787968e-08,2.5214608179169318e-09,1.376982982037589e-05,4.207682650303468e-05,7.439053661073558e-06,5.218520726657516e-09,4.207682650303468e-05,1.3545715660256974e-09,2.889539274519848e-09,0.0,1.9482385482660902e-08,6.420093541237293e-07,0.0,0.0,64,-0.08254520148038846,-0.027854756059864982,pos_only
0.0,0.0,0.0,-0.4883844256401062,-0.4326437711715698,0.0,True,0.0,"[0.0, 0.0]",0.05574063956737518,"[0.02502244070155939, 0.09026101848576212]",0.0,"[0.0, 0.0]",0.07249793410301208,4.0,0.0,4.906652293357183e-07,1.3019548106285583e-08,9.889897046377882e-05,0.00011328106484143063,5.932168278377503e-05,4.88125735387257e-08,0.00011328106484143063,1.2439227425886656e-08,1.9512741644689413e-08,0.0,1.2146770700383058e-07,4.206101039017085e-06,0.0,0.0,64,-0.12152443081140518,-0.0065363267355302845,pos_only
0.0,0.0,0.0,-0.4883844256401062,-0.39207080006599426,0.0,True,0.0,"[0.0, 0.0]",0.09631361812353134,"[0.06019090779686849, 0.13480129515469344]",0.0,"[0.0, 0.0]",0.13722270727157593,6.0,0.0,3.1806832794245565e-06,8.166539089415892e-08,0.0006586668314412236,0.0004744072793982923,0.0009953734697774053,3.7826200127710763e-07,0.0009953734697774053,9.29488450651661e-08,1.2166587737283407e-07,0.0,8.359075991393183e-07,2.43277881963877e-05,0.0,0.0,64,-0.13275710791349393,0.06727982201843874,pos_only
0.0,0.0,0.0,-0.4883844256401062,-0.25932633876800537,0.0,True,0.0,"[0.0, 0.0]",0.22905808687210083,"[0.18484592966169658, 0.2768144162977477]",0.015625,"[0.0, 0.046875]",0.20989665389060974,8.0,0.0,1.346271801594412e-05,2.78809551446102e-07,0.0029455123003572226,0.0025793968234211206,0.0028333680238574743,1.628293034627859e-06,0.0029455123003572226,3.9777788174433226e-07,5.197113637223083e-07,0.0,3.81822655981523e-06,9.740835230331868e-05,0.0,0.015625,64,-0.1188304618000986,0.19114835901716365,pos_only
0.0,0.359375,0.0,-0.4883844256401062,0.1753351241350174,0.0,True,0.359375,"[0.25, 0.484375]",0.6637195348739624,"[0.596741661868873, 0.7238746270973933]",0.359375,"[0.25, 0.484375]",0.3752904534339905,12.0,0.0,4.067456757184118e-05,6.080855996515311e-07,0.011033736169338226,0.009171484969556332,0.008271212689578533,4.169849944446469e-06,0.011033736169338226,1.221108618665312e-06,1.8739398228717619e-06,0.0,1.2509003681770992e-05,0.00029273959808051586,0.0,0.359375,64,-0.04842209070920944,0.5109976088430677,pos_only
0.0,0.78125,0.0,-0.4883844256401062,0.32227879762649536,0.00657714873552287,False,0.78125,"[0.671875, 0.875]",0.8106632232666016,"[0.7495503829442896, 0.8657787087024189]",0.78125,"[0.671875, 0.875]",0.5509154796600342,16.0,0.0,5.540123675018549e-05,6.299472943283035e-07,0.01797645166516304,0.01361438911408186,0.010394693352282047,5.502716248884099e-06,0.01797645166516304,1.7214418903677142e-06,2.63366314356972e-06,0.0,1.835594594012946e-05,0.00040792368235997856,0.0,0.78125,64,0.03657714873552287,0.8209865990398826,pos_only
0.0,0.0,0.0,-0.4883844256401062,-0.4883844256401062,0.0,True,0.0,"[0.0, 0.0]",0.0,"[0.0, 0.0]",0.0,"[0.0, 0.0]",0.0,1.0,0.0,0.0,0.0,0.0,0.0,0.0,0.0,0.0,0.0,0.0,0.0,0.0,0.0,0.0,0.0,64,0.0,0.0,neg_only
0.0,0.0,0.5,-0.4883844256401062,-0.4229947626590729,0.0,True,0.0,"[0.0, 0.0]",0.06538965553045273,"[0.022024770477582934, 0.10780388311104604]",0.0,"[0.0, 0.0]",0.04091082140803337,1.0,0.0,1.1880597412528004e-06,2.2557470558126624e-08,7.309834472835064e-05,0.00022961976355873048,4.1177612729370594e-05,1.1999739513157692e-07,0.00022961976355873048,3.510741208856416e-08,6.095758209312407e-08,0.0,2.604527082894492e-07,8.784079909673892e-06,0.0,0.0,64,0.029496096074581146,0.07857657767630899,neg_only
0.0,0.0,1.0,-0.4883844256401062,-0.3626576364040375,0.010718889236449841,False,0.0,"[0.0, 0.0]",0.12572678923606873,"[0.07615323226636975, 0.17377687226398847]",0.0,"[0.0, 0.0]",0.07870040088891983,1.0,0.0,2.3325342226598877e-06,4.6245688167800836e-08,0.00011635578266577795,0.0003074296109843999,6.594994920305908e-05,3.7012867437624664e-07,0.0003074296109843999,1.1368899777153274e-07,9.992238858558267e-08,0.0,5.109106950840214e-07,1.6928790500969626e-05,0.0,0.0,64,0.04071888923644984,0.21484208771196034,neg_only
0.0,0.0,1.0,-0.4883844256401062,-0.33597052097320557,0.0,True,0.0,"[0.0, 0.0]",0.15241388976573944,"[0.09985663515690249, 0.20441217533880254]",0.0,"[0.0, 0.0]",0.07564079761505127,2.0,0.0,3.0459418667305727e-06,6.467708146828954e-08,0.00017912310431711376,0.00037613557651638985,0.00013967033009976149,5.220626917434856e-07,0.00037613557651638985,1.9337497292326589e-07,1.3180351743358187e-07,0.0,6.839101160949212e-07,2.3744336431263946e-05,0.0,0.0,64,-0.0501463443040846,0.1712550728335942,sparse_only
0.0,0.0,1.0,-0.4883844256401062,-0.2937726378440857,0.0,True,0.0,"[0.0, 0.0]",0.19461177289485931,"[0.1366571835555078, 0.2522709953715093]",0.0,"[0.0, 0.0]",0.11148318648338318,4.0,0.0,5.708517164748628e-06,1.1848138115055917e-07,0.0004938539350405335,0.0006436833064071834,0.0005131757352501154,9.107305913857999e-07,0.0006436833064071834,1.965127438552372e-07,2.682193098735297e-07,0.0,1.6122584156619268e-06,4.492823063628748e-05,0.0,0.0,64,-0.10221706777811068,0.21698730690811363,sparse_only
0.0,0.0,1.0,-0.4883844256401062,-0.21008650958538055,0.0,True,0.0,"[0.0, 0.0]",0.27829790115356445,"[0.2184317999635823, 0.3371237659892358]",0.078125,"[0.015625, 0.140625]",0.17386040091514587,6.0,0.0,2.1938149075140245e-05,4.0139366319635883e-07,0.002561831148341298,0.001998024992644787,0.0024088392965495586,2.507748149582767e-06,0.002561831148341298,6.516393682431953e-07,9.414548003405798e-07,0.0,6.510700131912017e-06,0.0001557708455948159,0.0,0.078125,64,-0.12252338677644747,0.33040423799701113,sparse_only
0.0,0.1875,1.0,-0.4883844256401062,0.01160226296633482,0.0,True,0.1875,"[0.09375, 0.28125]",0.4999866783618927,"[0.43374029002670794, 0.5613889998690865]",0.265625,"[0.15625, 0.375]",0.24855589866638184,8.0,0.0,4.109485598746687e-05,6.083519679123128e-07,0.007123486138880253,0.0049242074601352215,0.005878681316971779,4.262684797140537e-06,0.007123486138880253,1.1123833019155427e-06,1.6772019080235623e-06,0.0,1.2494556358433329e-05,0.00029129660106264055,0.0,0.265625,64,-0.11559684425592387,0.4821921207800721,sparse_only
0.0,0.609375,1.0,-0.4883844256401062,0.2773071825504303,0.0,True,0.609375,"[0.484375, 0.71875]",0.7656916379928589,"[0.6926785777061013, 0.8306373725412414]",0.609375,"[0.484375, 0.71875]",0.4098089337348938,12.0,0.0,5.087672980153002e-05,5.467065875564003e-07,0.01426380593329668,0.009413986466825008,0.009217529557645321,4.913052634947235e-06,0.01426380593329668,1.3618537195725366e-06,2.784253410936799e-06,0.0,1.619586328160949e-05,0.00038879946805536747,0.0,0.609375,64,-0.043480311334133326,0.80048028386804,sparse_only
0.0,0.546875,1.0,-0.4883844256401062,0.35142242908477783,0.015226342976093293,False,0.546875,"[0.421875, 0.65625]",0.839806854724884,"[0.7787275202572346, 0.895375108148437]",0.546875,"[0.421875, 0.65625]",0.5778939723968506,16.0,0.0,5.3715990361524746e-05,5.472615498547384e-07,0.016221895813941956,0.011802779510617256,0.00945583451539278,4.770649866259191e-06,0.016221895813941956,1.4644715520262253e-06,2.966316287711379e-06,0.0,1.6699310435797088e-05,0.0004109754809178412,0.0,0.546875,64,0.04522634297609329,1.0708885065978877,sparse_only
0.0,0.0,1.0,-0.4883844256401062,-0.48139694333076477,0.0,True,0.0,"[0.0, 0.0]",0.006987485568970442,"[-0.00420306300111406, 0.020930969420805915]",0.0,"[0.0, 0.0]",0.0010741737205535173,2.0,0.0,4.122421159991063e-08,7.564509019175603e-10,1.0009351171902381e-05,9.191862773150206e-07,4.751436790684238e-07,3.3539109267621825e-09,1.0009351171902381e-05,8.700293818719729e-10,8.72653060923767e-10,0.0,6.284373910148133e-09,2.128963387804106e-07,0.0,0.0,64,-0.0005488857626918531,4.832961401671728,random
0.0,0.0,1.0,-0.4883844256401062,-0.48086702823638916,0.0,True,0.0,"[0.0, 0.0]",0.0075173876248300076,"[-0.0036854424635748726, 0.021520005397360344]",0.0,"[0.0, 0.0]",0.00124657666310668,4.0,0.0,5.0065267487298115e-08,8.953087160534778e-10,9.049603249877691e-06,1.3647368177771568e-06,4.4660009734798223e-07,4.0333283379823115e-09,9.049603249877691e-06,1.1203438177176395e-09,1.120614712135648e-09,0.0,8.006594498510822e-09,2.3909933588583954e-07,0.0,0.0,64,-0.006478244066238759,4.841229260736096,random
0.0,0.0,1.0,-0.4883844256401062,-0.4839332103729248,0.0,True,0.0,"[0.0, 0.0]",0.004451225511729717,"[-0.010790567258300143, 0.02089055780238595]",0.0,"[0.0, 0.0]",0.0015010300558060408,6.0,0.0,6.064669832994696e-08,8.120579764181457e-10,9.011973816086538e-06,8.965289453044534e-07,-7.841663318686187e-08,4.6674770715071645e-09,9.011973816086538e-06,1.1415970391226438e-09,1.2562857421016815e-09,0.0,9.652751487010391e-09,2.7537339519767556e-07,0.0,0.0,64,-0.008448652923107147,4.849949214562557,random
0.0,0.0,1.0,-0.4883844256401062,-0.48351216316223145,0.0,True,0.0,"[0.0, 0.0]",0.0048722461797297,"[-0.01029648221297066, 0.021431593061743106]",0.0,"[0.0, 0.0]",0.0018838192336261272,8.0,0.0,6.719983502989635e-08,9.986833582331656e-10,8.496383088640869e-06,-4.6513014240190387e-07,9.509567462373525e-07,5.217124510181748e-09,8.496383088640869e-06,1.2673933014184513e-09,1.5324399527116839e-09,0.0,1.1381878550764668e-08,3.2486241252627224e-07,0.0,0.0,64,-0.010516680777072906,4.862895453248846,random
0.0,0.0,1.0,-0.4883844256401062,-0.485026478767395,0.0,True,0.0,"[0.0, 0.0]",0.003357958048582077,"[-0.013535767747089266, 0.020763486621535775]",0.0,"[0.0, 0.0]",0.00248765223659575,12.0,0.0,9.146754109679023e-08,1.5686145715676503e-09,9.096604117075913e-06,4.733228706754744e-06,1.8457776604918763e-06,6.840107147354502e-09,9.096604117075913e-06,1.8685497593651235e-09,1.8126744549817886e-09,0.0,1.5264106423273915e-08,4.89674221171299e-07,0.0,0.0,64,-0.014887788891792653,4.879908892022845,random
0.0,0.0,1.0,-0.4883844256401062,-0.48147502541542053,0.0,True,0.0,"[0.0, 0.0]",0.006909394171088934,"[-0.010327249719421162, 0.024662618559796085]",0.0,"[0.0, 0.0]",0.0034560635685920715,16.0,0.0,1.1384341291886813e-07,1.9700161502100855e-09,1.0137655408470891e-05,8.991948561742902e-06,3.906117854057811e-06,8.488274971796272e-09,1.0137655408470891e-05,2.320407865852303e-09,2.813440147519941e-09,0.0,1.9065979017796053e-08,5.755907750426559e-07,0.0,0.0,64,-0.019856141507625935,4.891197537681913,random
0.0,0.0,0.0,-0.4883844256401062,-0.4796680510044098,0.0,True,0.0,"[0.0, 0.0]",0.008716344833374023,"[-0.0070717952407903795, 0.023323563903249998]",0.0,"[0.0, 0.0]",0.0248916894197464,0.5,0.0,1.5099467987056414e-07,1.4038183948628102e-09,-1.8680748326005414e-07,2.517645771149546e-05,-6.943064363440499e-07,1.5890439186705407e-08,2.517645771149546e-05,2.6020003929261293e-09,2.5420021643185464e-09,0.0,3.3125310494597215e-08,1.5079228887771023e-06,0.0,0.0,64,-0.041304697096347986,-0.003012188060863785,caa
0.0,0.0,0.0,-0.4883844256401062,-0.4775694012641907,0.0,True,0.0,"[0.0, 0.0]",0.010815003886818886,"[-0.01828078276721499, 0.03700014505875514]",0.0,"[0.0, 0.0]",0.08201127499341965,1.0,0.0,1.9608792172221e-06,1.2504552060477181e-08,5.850254092365503e-05,9.473475074628368e-05,2.2875725335325114e-05,1.8523957123761647e-07,9.473475074628368e-05,3.0148022744924674e-08,4.6517968144144106e-08,0.0,4.988238515579724e-07,1.5289457223843783e-05,0.0,0.0,64,-0.060760767757892964,0.02802755232908094,caa
0.0,0.0,0.0,-0.4883844256401062,-0.4176807701587677,0.0,True,0.0,"[0.0, 0.0]",0.07070363312959671,"[0.025702175348124003, 0.1144481366034597]",0.0,"[0.0, 0.0]",0.16259054839611053,1.5,0.0,3.660921720438637e-05,3.640830072981771e-07,0.0019011852564290166,0.0004492371226660907,0.0003488856600597501,2.8532360829558456e-06,0.0019011852564290166,5.868695325261797e-07,9.773997362572118e-07,0.0,9.363910976389889e-06,0.0002422959078103304,0.0,0.0,64,-0.060402418673038305,0.10507984835491824,caa
0.0,0.0625,0.0,-0.4883844256401062,-0.11556226015090942,0.0,True,0.0625,"[0.015625, 0.125]",0.3728221654891968,"[0.2865328016785497, 0.459334043876879]",0.0625,"[0.015625, 0.125]",0.26488545536994934,2.0,0.0,0.00018174875003751367,1.7521917925478192e-06,0.007050858344882727,0.010258651338517666,0.0031036727596074343,1.2094079465896357e-05,0.010258651338517666,2.6981615519616753e-06,5.044170848123031e-06,0.0,4.413748320075683e-05,0.0009658727212809026,0.0,0.0625,64,-0.029218296706676306,0.25553133799975214,caa
0.0,0.015625,0.0,-0.4883844256401062,0.29982155561447144,0.09007250934839231,False,0.015625,"[0.0, 0.046875]",0.7882059812545776,"[0.7064135915199585, 0.8662190442053542]",0.015625,"[0.0, 0.046875]",0.5831464529037476,3.0,0.0,0.00028934859437868,2.4564274099247996e-06,0.01123376190662384,0.004816011060029268,0.004479013849049807,1.5917064956738614e-05,0.01123376190662384,4.022734174213838e-06,9.192920515488368e-06,0.0,8.719124889466912e-05,0.0018798690289258957,0.0,0.015625,64,0.12007250934839231,0.8213668410842483,caa
0.0,0.0,1.0,-0.4883844256401062,-0.5483986139297485,0.0,True,0.0,"[0.0, 0.0]",-0.06001421436667442,"[-0.10954091760104348, -0.01651697558927483]",0.0,"[0.0, 0.0]",0.23129531741142273,2.0,0.0,2.4417269628429494e-07,2.5752906473996973e-09,2.3526412405772135e-05,-5.8629666455090046e-08,4.170069587416947e-07,4.19413126451218e-08,2.3526412405772135e-05,7.3971362368752125e-09,3.496258926816154e-08,0.0,5.503132882722639e-08,3.0930220873415237e-06,0.0,0.0,64,0.00910402406007016,11.347313983623797,outside_window
0.0,0.0,1.0,-0.4883844256401062,-0.5299214124679565,0.0,True,0.0,"[0.0, 0.0]",-0.04153699427843094,"[-0.08051200195873207, -0.006507867398704593]",0.0,"[0.0, 0.0]",0.2561025321483612,4.0,0.0,1.9650886429189995e-07,2.9196951523147163e-09,2.959203629870899e-05,4.580950189847499e-05,3.7568250263575464e-05,5.955463677764783e-08,4.580950189847499e-05,4.87721774078409e-09,1.021876094853269e-08,0.0,4.484412841065932e-08,1.7512468275526771e-06,0.0,0.0,64,-0.08988275174051541,11.200309585285781,outside_window
0.0,0.0,1.0,-0.4883844256401062,-0.5226304531097412,0.0,True,0.0,"[0.0, 0.0]",-0.03424608334898949,"[-0.07801491846912541, 0.0006587050338566389]",0.0,"[0.0, 0.0]",0.30266156792640686,6.0,0.0,8.969334430730669e-07,1.1842033131870267e-08,0.00016316541587002575,0.0002019040402956307,0.00013581340317614377,1.788014287740225e-07,0.0002019040402956307,2.3157088691050376e-08,4.309466561380759e-08,0.0,2.4529987285859534e-07,8.928309398470446e-06,0.0,0.0,64,-0.1312706716358658,11.061796890227065,outside_window
0.0,0.0,1.0,-0.4883844256401062,-0.5232514142990112,0.0,True,0.0,"[0.0, 0.0]",-0.03486701846122742,"[-0.07923341322871238, 0.007553517802853034]",0.0,"[0.0, 0.0]",0.37304770946502686,8.0,0.0,2.381686954322504e-06,4.1852313614754166e-08,0.0004983757389709353,0.0007897165487520397,0.0004018214822281152,3.75331723034833e-07,0.0007897165487520397,6.914478944963776e-08,1.2031019025471323e-07,0.0,6.370508458530821e-07,1.849670661613345e-05,0.0,0.0,64,-0.12219905927777308,10.882194452424555,outside_window
0.0,0.0,1.0,-0.4883844256401062,-0.44392359256744385,0.0,True,0.0,"[0.0, 0.0]",0.044460803270339966,"[0.005570168320627999, 0.08240879646182293]",0.015625,"[0.0, 0.046875]",0.625084400177002,12.0,0.0,9.676288755144924e-06,1.9146730778629717e-07,0.0010801934404298663,0.0011457029031589627,0.0021625077351927757,1.431197574675025e-06,0.0021625077351927757,3.0826183206045243e-07,3.2576872399658896e-07,0.0,4.400045781949302e-06,6.165866216178983e-05,0.0,0.015625,64,-0.05994931980967522,10.351786978676015,outside_window
0.0,0.0,1.0,-0.4883844256401062,-0.33890509605407715,0.2809625883400442,False,0.0,"[0.0, 0.0]",0.14947935938835144,"[0.10437691778479348, 0.191983171949505]",0.015625,"[0.0, 0.046875]",1.1648508310317993,16.0,0.0,2.1032947188359685e-05,6.552958780048357e-07,0.0038636934477835894,0.002241973066702485,0.005859114229679108,3.263294502175995e-06,0.005859114229679108,5.106513185637596e-07,5.110631491334061e-07,0.0,8.645728485134896e-06,0.00012969855742994696,0.0,0.015625,64,0.3109625883400442,9.73594121159734,outside_window
