DEFAULT_base,DEFAULT_edit,beta,dM_base,dM_edit,excess,feasible,gain_DEFAULT,gain_DEFAULT_ci,gain_dM,gain_dM_ci,gain_lid,gain_lid_ci,kl_offdecision,lam,leak_am,leak_ar,leak_bn,leak_de,leak_es,leak_fr,leak_max,leak_mr,leak_ne,leak_sw,leak_te,leak_ur,leak_zh,lid_base,lid_edit,n,util_nll,util_nll_all,variant
0.0,0.0,0.0,-0.4919169545173645,-0.4624843895435333,0.0,True,0.0,"[0.0, 0.0]",0.029432572424411774,"[5.784881504951047e-05, 0.06274947793062889]",0.0,"[0.0, 0.0]",0.0022072563879191875,2.0,0.0,3.235444978599844e-08,1.7525088047420923e-09,1.0931027645710856e-05,-2.5995577743742615e-06,2.3301205146708526e-05,0.0005224531050771475,1.7211689851137635e-09,1.8492691822302731e-09,0.0005224531050771475,0.0,1.5557766630536207e-08,5.742256234952947e-07,0.0,0.0,64,-0.00259366557002072,-0.0006524600063548824,full
0.0,0.0,0.5,-0.4919169545173645,-0.4383111000061035,0.0,True,0.0,"[0.0, 0.0]",0.053605854511260986,"[0.01811472467588828, 0.08893691603434484]",0.0,"[0.0, 0.0]",0.008240404538810253,2.0,0.0,3.6281406323723786e-07,7.145708469380452e-09,1.7018988728523254e-05,3.956685395678505e-05,5.1164097385481e-05,5.1164097385481e-05,9.694740121801715e-09,1.588845144340212e-08,-0.000840451568365097,0.0,7.916609234825955e-08,1.9252995571150677e-06,0.0,0.0,64,0.003575748577713922,0.0429099820022667,full
0.0,0.0,1.0,-0.4919169545173645,-0.45920664072036743,0.0,True,0.0,"[0.0, 0.0]",0.03271031752228737,"[-0.015562756636791164, 0.07736985851443014]",0.0,"[0.0, 0.0]",0.012102914974093437,2.0,0.0,6.457235031120945e-07,1.2044896635643454e-08,4.246901153237559e-05,4.493336018640548e-05,6.854205275885761e-05,6.854205275885761e-05,2.3751745459321683e-08,2.7761251075730797e-08,-0.0018605251098051667,0.0,1.2637661939152167e-07,3.3439725939388154e-06,0.0,0.0,64,0.0027799598872662035,0.2319066300960364,full
0.0,0.0,0.0,-0.4919169545173645,-0.4035106599330902,0.0,True,0.0,"[0.0, 0.0]",0.08840630948543549,"[0.04824553310381816, 0.13118410696515637]",0.0,"[0.0, 0.0]",0.007732854224741459,4.0,0.0,7.96765016275458e-05,1.4510958408209262e-06,0.00011726229422492906,7.89295372669585e-05,0.0005633631371892989,0.005117171443998814,6.733772897860035e-05,0.005117171443998814,0.0030090094078332186,0.0,3.943526462535374e-05,0.00035555189242586493,0.0,0.0,64,0.0026349119842052904,0.0024059154580322595,full
0.0,0.203125,0.5,-0.4919169545173645,-0.11286744475364685,0.0,True,0.203125,"[0.109375, 0.296875]",0.37904947996139526,"[0.30805193192063596, 0.4500796789805462]",0.34375,"[0.234375, 0.46875]",0.01432362012565136,4.0,0.0,0.0011627901112660766,2.2163052562973462e-05,0.0042080748826265335,0.0005293749854899943,0.0020538335666060448,0.005503423511981964,0.0017903391271829605,0.005503423511981964,-0.0016976234037429094,0.0,0.0006708722794428468,0.0027481033466756344,0.0,0.34375,64,0.007424672693014056,0.051988276074437456,full
0.0,0.265625,1.0,-0.4919169545173645,-0.03910805284976959,0.0,True,0.265625,"[0.171875, 0.375]",0.4528089165687561,"[0.3814056559836899, 0.5256268795026698]",0.390625,"[0.265625, 0.515625]",0.01933734491467476,4.0,0.0,0.0016531915171071887,3.4129872801713645e-05,0.008731595240533352,0.0006417763070203364,0.002241609850898385,0.008731595240533352,0.004122236277908087,0.005890670698136091,-0.0016394301783293486,0.0,0.0010367381619289517,0.0038381104823201895,0.0,0.390625,64,0.008809129893779799,0.24973672461411733,full
0.0,0.5,0.0,-0.4919169545173645,0.018892692402005196,0.0,True,0.5,"[0.390625, 0.625]",0.5108096599578857,"[0.44172629833192334, 0.5746553661243524]",0.65625,"[0.546875, 0.765625]",0.015729980543255806,6.0,0.0,0.0008520522969774902,4.8531834181630984e-05,0.00047618415555916727,0.0003994510043412447,0.0004927809932269156,0.017155859619379044,0.017155859619379044,0.013270596973598003,-0.0015370287001132965,0.0,0.000334187934640795,0.002456201007589698,0.0,0.65625,64,0.011776766180992215,0.010808631916922495,full
0.0,0.671875,0.5,-0.4919169545173645,0.02590537816286087,0.0,True,0.671875,"[0.562109375, 0.78125]",0.5178223252296448,"[0.45837175989872775, 0.5716237764068864]",0.8125,"[0.71875, 0.90625]",0.02352975867688656,6.0,0.0,0.0007571913301944733,3.976501466240734e-05,0.0006493189139291644,0.0004235352680552751,0.0003254699404351413,0.022082747891545296,0.014745412394404411,0.022082747891545296,-0.0022960887290537357,0.0,0.00040710027678869665,0.0023132688365876675,0.0,0.8125,64,0.015146036818623587,0.07404516203705391,full
0.0,0.703125,1.0,-0.4919169545173645,0.03242713212966919,0.0,True,0.703125,"[0.59375, 0.8125]",0.5243440866470337,"[0.46212265617905357, 0.5844937839110571]",0.828125,"[0.734375, 0.90625]",0.028469521552324295,6.0,0.0,0.0004148062434978783,3.814583396888338e-05,0.0005321110365912318,0.00035476230550557375,0.0002662183833308518,0.023661965504288673,0.018046868965029716,0.023661965504288673,-0.002574938116595149,0.0,0.0001654636871535331,0.00196255324408412,0.0,0.828125,64,0.017039643973112195,0.2825632733019776,full
0.0,0.796875,0.0,-0.4919169545173645,0.03274517506361008,0.0,True,0.796875,"[0.703125, 0.890625]",0.5246621370315552,"[0.4680428845143979, 0.5797019949852256]",0.875,"[0.796875, 0.953125]",0.025671716779470444,8.0,0.0,0.0002756390022113919,1.879265437310096e-05,0.0003817021497525275,0.00017127281171269715,0.00019691383931785822,0.03318451717495918,0.03318451717495918,0.03056831657886505,-0.002907303860411048,0.0,5.237560981186107e-05,0.0016546223778277636,0.0,0.875,64,0.024080883711576462,0.02621146463216739,full
0.0,0.875,0.5,-0.4919169545173645,0.03464986011385918,0.0,True,0.875,"[0.796875, 0.953125]",0.5265668034553528,"[0.46595024291891607, 0.5827165448718006]",0.90625,"[0.828125, 0.96875]",0.03429368883371353,8.0,0.0,0.00027312501333653927,2.006814429478254e-05,0.00032089848536998034,0.00017276039579883218,0.0001891876891022548,0.03239055722951889,0.03239055722951889,0.031098494306206703,-0.0030002491548657417,0.0,5.065802179160528e-05,0.0016932714497670531,0.0,0.90625,64,0.025544545799493612,0.10595699990022789,full
0.0,0.90625,1.0,-0.4919169545173645,0.0336616151034832,0.0,True,0.90625,"[0.828125, 0.96875]",0.5255785584449768,"[0.4664165831592982, 0.5813593486323952]",0.921875,"[0.84375, 0.984375]",0.036254845559597015,8.0,0.0,0.00027142660110257566,2.0985404262319207e-05,0.00028819014551118016,0.0002700691984500736,0.00019074921146966517,0.0355054996907711,0.0355054996907711,0.0300736203789711,-0.003002655692398548,0.0,4.914556484436616e-05,0.0016842822078615427,0.0,0.921875,64,0.02714254744350919,0.32194200700283204,full
0.0,0.9375,0.0,-0.4919169545173645,0.03005572408437729,0.0,True,0.9375,"[0.875, 0.984375]",0.52197265625,"[0.46691836010013504, 0.5732987472978494]",0.9375,"[0.875, 0.984375]",0.07396361231803894,12.0,0.0,0.0003691187303047627,8.36635081213899e-06,0.0002774595923256129,0.00030806640279479325,0.00024746666895225644,0.029760224744677544,0.029760224744677544,0.02195761166512966,-0.0031468397937715054,0.0,4.452506618690677e-05,0.002335337456315756,0.0,0.9375,64,0.06174014136195183,0.09864234853066911,full
0.0,0.9375,0.5,-0.4919169545173645,0.03240981698036194,0.0,True,0.9375,"[0.875, 0.984375]",0.5243268013000488,"[0.4690619431519735, 0.5763111877266056]",0.9375,"[0.875, 0.984375]",0.0788557380437851,12.0,0.0,0.00038784428033977747,9.881058758764993e-06,0.0003016547707375139,0.00033715274184942245,0.0002650601963978261,0.03279151767492294,0.03279151767492294,0.02360176108777523,-0.003090625163167715,0.0,4.81445858895313e-05,0.0025555877946317196,0.0,0.9375,64,0.058422745764255435,0.20144730839748903,full
0.0,0.953125,1.0,-0.4919169545173645,0.03276841714978218,0.0,True,0.953125,"[0.890625, 1.0]",0.5246853828430176,"[0.46943759721452805, 0.5765800351524376]",0.953125,"[0.890625, 1.0]",0.08123986423015594,12.0,0.0,0.00039708937401883304,1.0797859431477264e-05,0.00030985110788606107,0.00034523080103099346,0.0002682553604245186,0.027158740907907486,0.027158740907907486,0.02344452403485775,-0.0030496162362396717,0.0,4.937377889291383e-05,0.0026096876244992018,0.0,0.953125,64,0.05884537473320961,0.39868567049570114,full
0.0,0.953125,0.0,-0.4919169545173645,0.03161151334643364,0.068522147834301,False,0.953125,"[0.890625, 1.0]",0.5235284566879272,"[0.4697615281853359, 0.5729547637285577]",0.953125,"[0.890625, 1.0]",0.1458045095205307,16.0,0.0,0.0007772701210342348,7.003699010965647e-06,0.0007056250469759107,0.0007007375243119895,0.0006154601578600705,0.029942473396658897,0.029942473396658897,0.02509678155183792,-0.002988152438774705,0.0,6.933457189006731e-05,0.004681346472352743,0.0,0.953125,64,0.13314241841435415,0.21740833805441895,full
0.0,0.921875,0.5,-0.4919169545173645,0.03197714313864708,0.063402307033539,False,0.921875,"[0.84375, 0.984375]",0.5238940715789795,"[0.4703247923080198, 0.5733563838784903]",0.9375,"[0.875, 0.984375]",0.1503801941871643,16.0,0.0,0.0008411697926931083,8.144311323121656e-06,0.0007577427895739675,0.000740679504815489,0.0006320495158433914,0.028401589021086693,0.028401589021086693,0.024532154202461243,-0.0029363585636019707,0.0,7.544182881247252e-05,0.00508228549733758,0.0,0.9375,64,0.12802257761359215,0.3015834336678038,full
0.0,0.921875,1.0,-0.4919169545173645,0.03369148075580597,0.06408606618642843,False,0.921875,"[0.84375, 0.984375]",0.525608479976654,"[0.47224885284886114, 0.5751391245772538]",0.9375,"[0.875, 0.984375]",0.15455326437950134,16.0,0.0,0.0008676124853082001,8.505176992912311e-06,0.0007651814958080649,0.0007494122837670147,0.0006015455583110452,0.02767803892493248,0.02767803892493248,0.023144161328673363,-0.0029175172094255686,0.0,7.754901889711618e-05,0.005204519256949425,0.0,0.9375,64,0.12870633676648158,0.45178831411824083,full
0.0,0.0,0.0,-0.4919169545173645,-0.4624843895435333,0.0,True,0.0,"[0.0, 0.0]",0.029432572424411774,"[5.784881504951047e-05, 0.06274947793062889]",0.0,"[0.0, 0.0]",0.0022072563879191875,2.0,0.0,3.235444978599844e-08,1.7525088047420923e-09,1.0931027645710856e-05,-2.5995577743742615e-06,2.3301205146708526e-05,0.0005224531050771475,1.7211689851137635e-09,1.8492691822302731e-09,0.0005224531050771475,0.0,1.5557766630536207e-08,5.742256234952947e-07,0.0,0.0,64,-0.00259366557002072,-0.0006524600063548824,pos_only
0.0,0.0,0.0,-0.4919169545173645,-0.4035106599330902,0.0,True,0.0,"[0.0, 0.0]",0.08840630948543549,"[0.04824553310381816, 0.13118410696515637]",0.0,"[0.0, 0.0]",0.007732854224741459,4.0,0.0,7.96765016275458e-05,1.4510958408209262e-06,0.00011726229422492906,7.89295372669585e-05,0.0005633631371892989,0.005117171443998814,6.733772897860035e-05,0.005117171443998814,0.0030090094078332186,0.0,3.943526462535374e-05,0.00035555189242586493,0.0,0.0,64,0.0026349119842052904,0.0024059154580322595,pos_only
0.0,0.5,0.0,-0.4919169545173645,0.018892692402005196,0.0,True,0.5,"[0.390625, 0.625]",0.5108096599578857,"[0.44172629833192334, 0.5746553661243524]",0.65625,"[0.546875, 0.765625]",0.015729980543255806,6.0,0.0,0.0008520522969774902,4.8531834181630984e-05,0.00047618415555916727,0.0003994510043412447,0.0004927809932269156,0.017155859619379044,0.017155859619379044,0.013270596973598003,-0.0015370287001132965,0.0,0.000334187934640795,0.002456201007589698,0.0,0.65625,64,0.011776766180992215,0.010808631916922495,pos_only
0.0,0.796875,0.0,-0.4919169545173645,0.03274517506361008,0.0,True,0.796875,"[0.703125, 0.890625]",0.5246621370315552,"[0.4680428845143979, 0.5797019949852256]",0.875,"[0.796875, 0.953125]",0.025671716779470444,8.0,0.0,0.0002756390022113919,1.879265437310096e-05,0.0003817021497525275,0.00017127281171269715,0.00019691383931785822,0.03318451717495918,0.03318451717495918,0.03056831657886505,-0.002907303860411048,0.0,5.237560981186107e-05,0.0016546223778277636,0.0,0.875,64,0.024080883711576462,0.02621146463216739,pos_only
0.0,0.9375,0.0,-0.4919169545173645,0.03005572408437729,0.0,True,0.9375,"[0.875, 0.984375]",0.52197265625,"[0.46691836010013504, 0.5732987472978494]",0.9375,"[0.875, 0.984375]",0.07396361231803894,12.0,0.0,0.0003691187303047627,8.36635081213899e-06,0.0002774595923256129,0.00030806640279479325,0.00024746666895225644,0.029760224744677544,0.029760224744677544,0.02195761166512966,-0.0031468397937715054,0.0,4.452506618690677e-05,0.002335337456315756,0.0,0.9375,64,0.06174014136195183,0.09864234853066911,pos_only
0.0,0.953125,0.0,-0.4919169545173645,0.03161151334643364,0.068522147834301,False,0.953125,"[0.890625, 1.0]",0.5235284566879272,"[0.4697615281853359, 0.5729547637285577]",0.953125,"[0.890625, 1.0]",0.1458045095205307,16.0,0.0,0.0007772701210342348,7.003699010965647e-06,0.0007056250469759107,0.0007007375243119895,0.0006154601578600705,0.029942473396658897,0.029942473396658897,0.02509678155183792,-0.002988152438774705,0.0,6.933457189006731e-05,0.004681346472352743,0.0,0.953125,64,0.13314241841435415,0.21740833805441895,pos_only
0.0,0.0,0.0,-0.4919169545173645,-0.4919169545173645,0.0,True,0.0,"[0.0, 0.0]",0.0,"[0.0, 0.0]",0.0,"[0.0, 0.0]",0.0,1.0,0.0,0.0,0.0,0.0,0.0,0.0,0.0,0.0,0.0,0.0,0.0,0.0,0.0,0.0,0.0,64,0.0,0.0,neg_only
0.0,0.0,0.5,-0.4919169545173645,-0.48421087861061096,0.0,True,0.0,"[0.0, 0.0]",0.007706085219979286,"[-0.02619863731949863, 0.039218092937153406]",0.0,"[0.0, 0.0]",0.0031934219878166914,1.0,0.0,3.6377437595547235e-07,4.674582054775556e-09,9.574680007062852e-06,0.00011882553371833637,5.930103725404479e-06,0.00011882553371833637,9.490586982963123e-09,1.7343113611900662e-08,-0.0017957796808332205,0.0,6.449338485481348e-08,1.888453653009492e-06,0.0,0.0,64,0.003604207374155566,0.0471300289708374,neg_only
0.0,0.0,1.0,-0.4919169545173645,-0.491369366645813,0.0,True,0.0,"[0.0, 0.0]",0.0005475864745676517,"[-0.03232545850773931, 0.03141345791509591]",0.0,"[0.0, 0.0]",0.005261496175080538,1.0,0.0,5.723287586079095e-07,6.880294112221463e-09,2.2392760001821443e-05,0.00012104650522815064,9.615932867745869e-06,0.00012104650522815064,1.5117286977783806e-08,2.6810001330090927e-08,-0.0018685513641685247,0.0,9.315809990084745e-08,2.7908697575185215e-06,0.0,0.0,64,0.002983071841299534,0.2696109696204063,neg_only
0.0,0.0,1.0,-0.4919169545173645,-0.45920664072036743,0.0,True,0.0,"[0.0, 0.0]",0.03271031752228737,"[-0.015562756636791164, 0.07736985851443014]",0.0,"[0.0, 0.0]",0.012102914974093437,2.0,0.0,6.457235031120945e-07,1.2044896635643454e-08,4.246901153237559e-05,4.493336018640548e-05,6.854205275885761e-05,6.854205275885761e-05,2.3751745459321683e-08,2.7761251075730797e-08,-0.0018605251098051667,0.0,1.2637661939152167e-07,3.3439725939388154e-06,0.0,0.0,64,0.0027799598872662035,0.2319066300960364,sparse_only
0.0,0.265625,1.0,-0.4919169545173645,-0.03910805284976959,0.0,True,0.265625,"[0.171875, 0.375]",0.4528089165687561,"[0.3814056559836899, 0.5256268795026698]",0.390625,"[0.265625, 0.515625]",0.01933734491467476,4.0,0.0,0.0016531915171071887,3.4129872801713645e-05,0.008731595240533352,0.0006417763070203364,0.002241609850898385,0.008731595240533352,0.004122236277908087,0.005890670698136091,-0.0016394301783293486,0.0,0.0010367381619289517,0.0038381104823201895,0.0,0.390625,64,0.008809129893779799,0.24973672461411733,sparse_only
0.0,0.703125,1.0,-0.4919169545173645,0.03242713212966919,0.0,True,0.703125,"[0.59375, 0.8125]",0.5243440866470337,"[0.46212265617905357, 0.5844937839110571]",0.828125,"[0.734375, 0.90625]",0.028469521552324295,6.0,0.0,0.0004148062434978783,3.814583396888338e-05,0.0005321110365912318,0.00035476230550557375,0.0002662183833308518,0.023661965504288673,0.018046868965029716,0.023661965504288673,-0.002574938116595149,0.0,0.0001654636871535331,0.00196255324408412,0.0,0.828125,64,0.017039643973112195,0.2825632733019776,sparse_only
0.0,0.90625,1.0,-0.4919169545173645,0.0336616151034832,0.0,True,0.90625,"[0.828125, 0.96875]",0.5255785584449768,"[0.4664165831592982, 0.5813593486323952]",0.921875,"[0.84375, 0.984375]",0.036254845559597015,8.0,0.0,0.00027142660110257566,2.0985404262319207e-05,0.00028819014551118016,0.0002700691984500736,0.00019074921146966517,0.0355054996907711,0.0355054996907711,0.0300736203789711,-0.003002655692398548,0.0,4.914556484436616e-05,0.0016842822078615427,0.0,0.921875,64,0.02714254744350919,0.32194200700283204,sparse_only
0.0,0.953125,1.0,-0.4919169545173645,0.03276841714978218,0.0,True,0.953125,"[0.890625, 1.0]",0.5246853828430176,"[0.46943759721452805, 0.5765800351524376]",0.953125,"[0.890625, 1.0]",0.08123986423015594,12.0,0.0,0.00039708937401883304,1.0797859431477264e-05,0.00030985110788606107,0.00034523080103099346,0.0002682553604245186,0.027158740907907486,0.027158740907907486,0.02344452403485775,-0.0030496162362396717,0.0,4.937377889291383e-05,0.0026096876244992018,0.0,0.953125,64,0.05884537473320961,0.39868567049570114,sparse_only
0.0,0.921875,1.0,-0.4919169545173645,0.03369148075580597,0.06408606618642843,False,0.921875,"[0.84375, 0.984375]",0.525608479976654,"[0.47224885284886114, 0.5751391245772538]",0.9375,"[0.875, 0.984375]",0.15455326437950134,16.0,0.0,0.0008676124853082001,8.505176992912311e-06,0.0007651814958080649,0.0007494122837670147,0.0006015455583110452,0.02767803892493248,0.02767803892493248,0.023144161328673363,-0.0029175172094255686,0.0,7.754901889711618e-05,0.005204519256949425,0.0,0.9375,64,0.12870633676648158,0.45178831411824083,sparse_only
0.0,0.0,1.0,-0.4919169545173645,-0.49959611892700195,0.0,True,0.0,"[0.0, 0.0]",-0.007679157890379429,"[-0.02859088551967943, 0.01276642140119292]",0.0,"[0.0, 0.0]",0.00030608780798502266,2.0,0.0,1.4754277799511328e-09,-1.545430450278218e-13,5.174997568246908e-07,1.4022225514054298e-07,-3.2680363801773638e-06,5.174997568246908e-07,2.1745272249518166e-11,2.6052049406644073e-10,-0.00023640785366296768,0.0,2.0554580260068178e-10,6.46298303763615e-08,0.0,0.0,64,0.0016116466373206073,1.227909394507538,random
0.0,0.0,1.0,-0.4919169545173645,-0.49996405839920044,0.0,True,0.0,"[0.0, 0.0]",-0.008047119714319706,"[-0.028594175884109063, 0.012136310108235184]",0.0,"[0.0, 0.0]",0.0002960196288768202,4.0,0.0,-2.2891583739692578e-08,-1.2244605329669866e-10,5.49794094695244e-07,3.044609911739826e-06,-2.8103659133194014e-06,3.044609911739826e-06,-1.2102585600359816e-10,-3.0737634659772084e-10,-0.00041206227615475655,0.0,-3.370374201949744e-09,-8.96702658792492e-08,0.0,0.0,64,0.0014206890016794649,1.22776085358749,random
0.0,0.0,1.0,-0.4919169545173645,-0.504353404045105,0.0,True,0.0,"[0.0, 0.0]",-0.012436484917998314,"[-0.03267754249054633, 0.006849099203827791]",0.0,"[0.0, 0.0]",0.0003235192270949483,6.0,0.0,-2.6267400698998244e-08,-1.8157253478534585e-10,-5.3100848163012415e-08,-7.577764336019754e-07,-3.1004674383439124e-06,0.0,-2.674163113169925e-10,-5.810241177073294e-10,-0.000507548451423645,0.0,-3.888771971105598e-09,-1.0458347787789535e-07,0.0,0.0,64,0.001023335568606898,1.227764148163537,random
0.0,0.0,1.0,-0.4919169545173645,-0.5045304298400879,0.0,True,0.0,"[0.0, 0.0]",-0.012613487429916859,"[-0.03291591028482799, 0.006558887007486188]",0.0,"[0.0, 0.0]",0.0003597816394176334,8.0,0.0,-2.655067987689108e-08,-1.354818479626374e-10,-3.105678842985071e-07,-6.152258720248938e-07,-3.0968731152825058e-06,0.0,-2.6078694759235077e-10,-5.983809003851093e-10,-0.00041678803972899914,0.0,-4.014502508198348e-09,-9.790892363525927e-08,0.0,0.0,64,0.0004777206107973164,1.2274783978410562,random
0.0,0.0,1.0,-0.4919169545173645,-0.5036932229995728,0.0,True,0.0,"[0.0, 0.0]",-0.011776269413530827,"[-0.03208149571573813, 0.007412376895172196]",0.0,"[0.0, 0.0]",0.00046143398503772914,12.0,0.0,-2.8949727948202053e-08,-1.7535173313376617e-10,-4.1959538066294044e-08,-1.3543030945584178e-06,-4.311497832532041e-06,0.0,-2.1861623622498882e-10,-4.3861003717893254e-10,-0.0002936457749456167,0.0,-4.162288291809091e-09,-1.3749786376138218e-07,0.0,0.0,64,0.0005931384861468381,1.227625924168481,random
0.0,0.0,1.0,-0.4919169545173645,-0.5025022029876709,0.0,True,0.0,"[0.0, 0.0]",-0.010585295967757702,"[-0.032885129599890206, 0.011004999620490705]",0.0,"[0.0, 0.0]",0.0004403000639285892,16.0,0.0,-2.997890646838641e-08,-1.6423040705149106e-10,-3.1312356441048905e-07,-1.6655540093779564e-06,-4.47094498667866e-06,0.0,-2.9811086932340913e-10,-1.267847160590918e-09,-0.0006473134271800518,0.0,-4.45151471240024e-09,-1.3412500265985727e-07,0.0,0.0,64,0.0016486950218677077,1.2273457142057196,random
0.0,0.0,0.0,-0.4919169545173645,-0.47327783703804016,0.0,True,0.0,"[0.0, 0.0]",0.018639154732227325,"[-0.0020076366225566743, 0.03953812115541946]",0.0,"[0.0, 0.0]",0.0070244260132312775,0.5,0.0,-5.878888487131917e-08,-1.857616283018615e-10,-1.1178153727087192e-06,-1.1850926966872066e-05,1.5281932064681314e-05,0.00038904021494090557,-1.2082708167326928e-09,-4.3588688214413196e-10,0.00038904021494090557,0.0,-5.671665803674841e-09,-4.6560012378904503e-07,0.0,0.0,64,-0.004158862493932158,0.002322238641396135,caa
0.0,0.171875,0.0,-0.4919169545173645,-0.10857327282428741,0.0,True,0.171875,"[0.078125, 0.265625]",0.3833436965942383,"[0.3272751966742362, 0.4373158746175249]",0.546875,"[0.421875, 0.671875]",0.021001875400543213,1.0,0.0,0.0014841443626210093,2.330465940758586e-05,0.0006984986248426139,0.00040399725548923016,0.0009553609997965395,0.016618726775050163,0.0041273594833910465,0.016618726775050163,0.000981208635494113,0.0,0.0005779006751254201,0.0029058062937110662,0.0,0.546875,64,0.005347272381186485,0.008294112298485867,caa
0.0,0.953125,0.0,-0.4919169545173645,0.059059374034404755,0.0,True,0.953125,"[0.90625, 1.0]",0.5509763360023499,"[0.4871962123692356, 0.6114062974258558]",0.96875,"[0.921875, 1.0]",0.039775703102350235,1.5,0.0,0.0002800248039420694,1.4022055438545067e-05,0.00018246096442453563,0.00010255641973344609,0.00013165766722522676,0.028915220871567726,0.024857591837644577,0.028915220871567726,-0.003360304981470108,0.0,5.588332351180725e-05,0.0017314993310719728,0.0,0.96875,64,0.02366685941815394,0.01848468915891588,caa
0.0,1.0,0.0,-0.4919169545173645,0.059799011796712875,0.0,True,1.0,"[1.0, 1.0]",0.5517159700393677,"[0.48948565484461143, 0.6118807682491024]",1.0,"[1.0, 1.0]",0.05591098591685295,2.0,0.0,0.0003605540550779551,7.428192930092337e-06,0.00024987489450722933,0.00019010435789823532,0.00017243738693650812,0.026244541630148888,0.019412431865930557,0.026244541630148888,-0.003414981998503208,0.0,7.210385228972882e-05,0.003334186738356948,0.0,1.0,64,0.03960362970829001,0.03739619691468987,caa
0.0,0.984375,0.0,-0.4919169545173645,0.07877658307552338,0.05085762888193157,False,0.984375,"[0.953125, 1.0]",0.5706935524940491,"[0.5140080976721947, 0.6219870503031415]",0.984375,"[0.953125, 1.0]",0.13022631406784058,3.0,0.0,0.0010753407841548324,1.076546777767362e-05,0.0008620167500339448,0.0007539110374636948,0.0005872170440852642,0.020766716450452805,0.020766716450452805,0.018699098378419876,-0.0031348310876637697,0.0,0.00018061778973788023,0.007881739176809788,0.0,0.984375,64,0.11547789946198472,0.12756325996407458,caa
0.0,0.0,1.0,-0.4919169545173645,-0.365777850151062,0.0,True,0.0,"[0.0, 0.0]",0.1261390745639801,"[0.07748111422079092, 0.1739770180673076]",0.015625,"[0.0, 0.046875]",0.28005683422088623,2.0,0.0,0.0010327781783416867,1.1460535461083055e-05,0.0006043759640306234,0.0023715218994766474,0.0006294468184933066,0.0052697123028337955,0.0004931958974339068,0.0052697123028337955,-0.0006673112511634827,0.0,0.0001360684836981818,0.0019838667940348387,0.0,0.015625,64,-0.0793696377426385,0.7221794035793643,outside_window
0.0,0.9375,1.0,-0.4919169545173645,0.05252876877784729,0.41297822576016197,False,0.9375,"[0.875, 0.984375]",0.5444457530975342,"[0.4898816046232241, 0.5964485409451299]",0.96875,"[0.921875, 1.0]",0.6618320345878601,4.0,0.0,0.0008155264076776803,2.1912826923653483e-05,0.0002907424350269139,0.0003137006424367428,0.00026261620223522186,0.018993213772773743,0.018993213772773743,0.012695725075900555,-0.003352242987602949,0.0,0.00013523617235478014,0.0028306017629802227,0.0,0.96875,64,0.10390994753688565,0.9780104982349735,outside_window
0.0,1.0,1.0,-0.4919169545173645,0.06284680962562561,1.3150373827666044,False,1.0,"[1.0, 1.0]",0.5547637343406677,"[0.4996153716208937, 0.607438205058861]",1.0,"[1.0, 1.0]",1.159557580947876,6.0,0.0,0.0006431221263483167,1.2983608030481264e-05,0.0001336410641670227,0.0001392688718624413,6.529393431264907e-05,0.01733820140361786,0.01733820140361786,0.00997378583997488,-0.0034829499199986458,0.0,7.011527486611158e-05,0.0015407762257382274,0.0,1.0,64,0.5082435581833122,1.3716929930557633,outside_window
0.0,0.8125,1.0,-0.4919169545173645,0.06228742003440857,2.5111841317266226,False,0.8125,"[0.71875, 0.90625]",0.5542044043540955,"[0.4989739673452277, 0.6058427269075765]",0.8125,"[0.71875, 0.90625]",1.7762292623519897,8.0,0.0,0.00040197043563239276,7.223687134683132e-06,0.0001377351291012019,0.0001393751590512693,6.273826875258237e-05,0.01282760314643383,0.01282760314643383,0.0068615153431892395,-0.003504896303638816,0.0,4.573320984491147e-05,0.0014978534309193492,0.0,0.8125,64,1.0877186257392166,1.8319492767584782,outside_window
0.0,0.0,1.0,-0.4919169545173645,0.04861410707235336,5.0584868539124725,False,0.0,"[0.0, 0.0]",0.5405310988426208,"[0.4864093669966678, 0.5897672219027299]",0.0,"[0.0, 0.0]",3.146282434463501,12.0,0.0,0.00034026603680104017,7.393424766632961e-06,0.00012760423123836517,0.00011496361548779532,5.059935210738331e-05,0.010776993818581104,0.010776993818581104,0.005595648195594549,-0.0035155268851667643,0.0,3.5562166885938495e-05,0.001456777798011899,0.0,0.0,64,2.2649681758135554,2.7190905504365617,outside_window
0.0,0.0,1.0,-0.4919169545173645,0.045270394533872604,6.990289321914315,False,0.0,"[0.0, 0.0]",0.5371873378753662,"[0.4830371163028758, 0.5864026756345992]",0.0,"[0.0, 0.0]",4.253907203674316,16.0,0.0,0.00023420553770847619,5.072288786323043e-06,7.49699684092775e-05,3.87758991564624e-05,1.728644383547362e-05,0.00890944804996252,0.00890944804996252,0.004605775233358145,-0.003523644059896469,0.0,2.4849430701578967e-05,0.0009727944852784276,0.0,0.0,64,3.089145874604583,3.389480597232766,outside_window
