DEFAULT_base,DEFAULT_edit,beta,dM_base,dM_edit,excess,feasible,gain_DEFAULT,gain_DEFAULT_ci,gain_dM,gain_dM_ci,gain_lid,gain_lid_ci,kl_offdecision,lam,leak_am,leak_ar,leak_bn,leak_de,leak_es,leak_hi,leak_max,leak_mr,leak_ne,leak_sw,leak_te,leak_ur,leak_zh,lid_base,lid_edit,n,util_nll,util_nll_all,variant
0.0,0.015625,0.0,-0.29736360907554626,-0.2183806151151657,0.0,True,0.015625,"[0.0, 0.046875]",0.07898298650979996,"[0.0469463761396824, 0.116114573535674]",0.015625,"[0.0, 0.046875]",0.0015029957285150886,2.0,4.0889923391684846e-11,8.096217030129083e-09,9.009419599248503e-11,-0.00020091765327379107,7.097584102666588e-07,4.1475177459116e-11,1.1028721928596497e-05,9.489449157018548e-13,1.0692154626956718e-12,1.1028721928596497e-05,-7.004457777681772e-13,1.0307334152859227e-10,-5.503990792021796e-07,0.0,0.015625,64,0.0034291446208953857,0.019603875498421353,full
0.0,0.0,0.5,-0.29736360907554626,-0.2006567418575287,0.0,True,0.0,"[0.0, 0.0]",0.09670686721801758,"[0.05935327224472644, 0.1363804447037033]",0.0,"[0.0, 0.0]",0.0024784370325505733,2.0,-1.0247806075946997e-11,4.0267202905397426e-09,-3.2311237019300165e-11,-0.00020940814283676445,6.272275641094893e-07,2.5701217196139048e-11,6.3465449784416705e-06,1.2904000784574876e-13,4.4885753100465386e-13,6.3465449784416705e-06,-6.144846784184033e-12,-1.807798355457635e-11,-6.025763354955416e-07,0.0,0.0,64,0.0166318416595459,0.0613471962229295,full
0.0,0.0,1.0,-0.29736360907554626,-0.19810396432876587,0.0,True,0.0,"[0.0, 0.0]",0.0992596372961998,"[0.057957277008334175, 0.14208197565366162]",0.015625,"[0.0, 0.046875]",0.003478487255051732,2.0,-2.5863575170426145e-11,1.5237600070605595e-09,-9.182220261916285e-11,-0.00024047281476669014,9.623931873647962e-07,1.3966660293573963e-11,9.623931873647962e-07,-1.0489455441395346e-13,1.2670843107381868e-13,-4.086383341928013e-06,-8.744402771321269e-12,-8.03774338753449e-11,-2.4805137854855275e-07,0.0,0.015625,64,0.028339684009552002,0.10969107970425362,full
0.0,0.5625,0.0,-0.29736360907554626,0.2058122307062149,0.0,True,0.5625,"[0.4375, 0.6875]",0.5031758546829224,"[0.42158878520767756, 0.5902675226707288]",0.5625,"[0.4375, 0.6875]",0.003215524833649397,4.0,1.4371996925888197e-09,1.3902725015668693e-07,2.406973065305351e-09,-8.56266706250608e-05,0.0037670214660465717,1.5402605857417484e-09,0.0037670214660465717,6.389161422148959e-11,7.864837253679369e-11,0.0018049490172415972,2.038397006742798e-09,3.93962107381185e-09,6.284427854552632e-06,0.0,0.5625,64,0.004030197858810425,0.0855268454889031,full
0.0,0.609375,0.5,-0.29736360907554626,0.2252213954925537,0.0,True,0.609375,"[0.5, 0.734375]",0.5225850343704224,"[0.44224020629796995, 0.6055735618546123]",0.609375,"[0.5, 0.734375]",0.004171916749328375,4.0,1.290824003241653e-09,1.0821679552464047e-07,2.049481029331446e-09,-0.00010373268742114305,0.004910625051707029,1.3629511963486607e-09,0.004910625051707029,6.832172327886354e-11,6.780975086995156e-11,0.0016307587502524257,1.5433913036488889e-09,3.469121656607399e-09,7.00088912708452e-06,0.0,0.609375,64,0.01969367265701294,0.11887443626052141,full
0.0,0.59375,1.0,-0.29736360907554626,0.23016439378261566,0.0,True,0.59375,"[0.483984375, 0.703125]",0.5275279879570007,"[0.44779674481869736, 0.611105623946014]",0.59375,"[0.483984375, 0.703125]",0.005406780634075403,4.0,1.4808572146307597e-09,9.69499822645048e-08,2.0453481130999762e-09,-0.00048491641064174473,0.005379469133913517,1.4445731277845653e-09,0.005379469133913517,8.736537882025885e-11,8.33138974476455e-11,0.0016952466685324907,1.3997797365661313e-09,3.625935329765184e-09,6.8176668719388545e-06,0.0,0.59375,64,0.02747887372970581,0.1577286557050015,full
0.0,0.75,0.0,-0.29736360907554626,0.28042668104171753,0.0,True,0.75,"[0.640625, 0.859375]",0.5777902603149414,"[0.5137254596818821, 0.6446721435968357]",0.75,"[0.640625, 0.859375]",0.004857154563069344,6.0,4.893276450701478e-09,4.118245158224454e-07,5.740855790747901e-09,0.0002461837721057236,0.003960759378969669,2.718075720054003e-08,0.003960759378969669,1.7124114626287934e-10,3.896184264107205e-09,0.0019587285351008177,6.685522691007861e-10,1.1940316291259023e-08,1.5285824702004902e-05,0.0,0.75,64,0.0029330849647521973,0.2133407183620606,full
0.0,0.65625,0.5,-0.29736360907554626,0.2819175720214844,0.0,True,0.65625,"[0.53125, 0.765625]",0.5792811512947083,"[0.513935301163292, 0.6458886198131949]",0.65625,"[0.53125, 0.765625]",0.005935049615800381,6.0,4.567314526582322e-09,3.845409537461819e-07,5.455282447996979e-09,0.00020142324501648545,0.0023866575211286545,2.9579696914083797e-08,0.0023866575211286545,1.8127556400404643e-10,4.096189165636588e-09,0.001968298340216279,6.880729319647116e-10,1.2451591757667302e-08,1.5694442481617443e-05,0.0,0.65625,64,0.013988256454467773,0.23898349554774878,full
0.0,0.609375,1.0,-0.29736360907554626,0.280663400888443,0.0,True,0.609375,"[0.484375, 0.71875]",0.5780270099639893,"[0.5125731489970349, 0.6436632436030777]",0.609375,"[0.484375, 0.71875]",0.00683917012065649,6.0,4.655263730057868e-09,3.733199491762207e-07,5.701566330174046e-09,0.0002358288038522005,0.0024006804451346397,3.383912527965549e-08,0.0024006804451346397,2.070752597171932e-10,4.665715369611689e-09,0.0021672924049198627,7.347659702894305e-10,1.4024723604677547e-08,1.7644348190515302e-05,0.0,0.609375,64,0.024615079164505005,0.2736158209922164,full
0.0,0.5625,0.0,-0.29736360907554626,0.3331708610057831,0.0,True,0.5625,"[0.4375, 0.6722656249999979]",0.6305344700813293,"[0.5638645247847307, 0.7004480884526856]",0.5625,"[0.4375, 0.6722656249999979]",0.006783145479857922,8.0,5.740696096268039e-08,1.1928143521799939e-06,2.3970596174649472e-08,0.01068927627056837,0.003875941503793001,2.261405285253204e-07,0.01068927627056837,1.673224225839931e-09,3.6392506785887235e-08,0.0019104017410427332,5.29584331943056e-09,5.185337386137689e-07,8.261982293333858e-05,0.0,0.5625,64,0.002888619899749756,0.45161381533895684,full
0.0,0.609375,0.5,-0.29736360907554626,0.33599090576171875,0.0,True,0.609375,"[0.484375, 0.734375]",0.6333545446395874,"[0.5661068684770726, 0.7021253288432489]",0.609375,"[0.484375, 0.734375]",0.007785293739289045,8.0,4.973811584818577e-08,1.1351521607139148e-06,2.246427399654749e-08,0.006111936643719673,0.0041239457204937935,2.601008191049914e-07,0.006111936643719673,1.6371131117409732e-09,4.071119263926448e-08,0.0018918378045782447,4.768404782140578e-09,4.3942318939116376e-07,8.423432154813781e-05,0.0,0.609375,64,0.015302985906600952,0.4702026792880556,full
0.0,0.6875,1.0,-0.29736360907554626,0.3214954733848572,0.0,True,0.6875,"[0.5625, 0.796875]",0.618859052658081,"[0.5516763284918852, 0.6859998277854175]",0.6875,"[0.5625, 0.796875]",0.008340668864548206,8.0,4.6458289659767615e-08,1.0765695606096415e-06,2.1327663191073043e-08,0.005376708228141069,0.004800459835678339,2.806448549108609e-07,0.005376708228141069,1.4781796897622712e-09,4.5154845196293536e-08,0.0016936514293774962,3.7950282916199285e-09,3.891011886025808e-07,7.521822408307344e-05,0.0,0.6875,64,0.023140162229537964,0.49854228856736604,full
0.0,0.328125,0.0,-0.29736360907554626,0.4145784378051758,0.0,True,0.328125,"[0.21875, 0.453125]",0.7119420766830444,"[0.6235744536388665, 0.8035606852732599]",0.328125,"[0.21875, 0.453125]",0.009716478176414967,12.0,2.946908352896571e-07,3.0884959869581508e-06,7.040652150180904e-08,0.0016379428561776876,0.0013603230472654104,1.2401268350004102e-06,0.0016379428561776876,3.310951157686759e-08,2.6980120537700714e-07,0.0013044050429016352,6.144291120335765e-08,1.8788763611610193e-07,0.0005608684732578695,0.0,0.328125,64,0.00977182388305664,1.344704731149469,full
0.0,0.3125,0.5,-0.29736360907554626,0.4223020076751709,0.0,True,0.3125,"[0.203125, 0.421875]",0.7196655869483948,"[0.6297263497457607, 0.8134416013781447]",0.3125,"[0.203125, 0.421875]",0.01106904074549675,12.0,2.0704371195279236e-07,2.5797203306865413e-06,5.081365728187848e-08,0.0015669551212340593,0.0018450479255989194,1.2902415846838267e-06,0.0018450479255989194,2.2262980792220333e-08,3.0961598440626403e-07,0.0011447631986811757,4.3626307899558014e-08,1.5284273047200259e-07,0.0005311349523253739,0.0,0.3125,64,0.0205838680267334,1.3534563065445737,full
0.0,0.3125,1.0,-0.29736360907554626,0.42109572887420654,0.0,True,0.3125,"[0.203125, 0.421875]",0.7184593677520752,"[0.6279852029751055, 0.8117737131105968]",0.3125,"[0.203125, 0.421875]",0.011340683326125145,12.0,1.7912623206939315e-07,2.421194494672818e-06,4.536669351296041e-08,0.0011527601163834333,0.0020419093780219555,1.400907081006153e-06,0.0020419093780219555,2.0116898369337832e-08,3.650190194548486e-07,0.0010123554384335876,3.983666374551831e-08,1.4355396160681266e-07,0.0005267661763355136,0.0,0.3125,64,0.029408007860183716,1.3752288330858127,full
0.0,0.015625,0.0,-0.29736360907554626,0.5549807548522949,0.0,True,0.015625,"[0.0, 0.046875]",0.8523443937301636,"[0.7728204096085391, 0.9308871324756183]",0.015625,"[0.0, 0.046875]",0.01314113475382328,16.0,2.7608291475189617e-07,2.0706388568214606e-06,4.500088479630904e-08,7.703877054154873e-05,0.0005875234492123127,5.816711450279399e-07,0.0011233844561502337,2.7995945117709198e-08,1.347561209286141e-07,0.0011233844561502337,7.099916388142447e-08,9.653751220639606e-08,0.0007099319482222199,0.0,0.015625,64,0.01682382822036743,2.600419445377352,full
0.0,0.03125,0.5,-0.29736360907554626,0.5532991290092468,0.0,True,0.03125,"[0.0, 0.078125]",0.8506627082824707,"[0.7684699374542105, 0.9340951319027226]",0.03125,"[0.0, 0.078125]",0.013407036662101746,16.0,2.1717262654874503e-07,1.7859265426523052e-06,3.2313181463905494e-08,-3.8048019632697105e-06,0.000523783965036273,5.869672463632014e-07,0.000959506374783814,2.2049771786214478e-08,1.5778081774442398e-07,0.000959506374783814,5.694146310020187e-08,7.841841664912863e-08,0.0006819581030867994,0.0,0.03125,64,0.02499568462371826,2.6143613525418483,full
0.0,0.0625,1.0,-0.29736360907554626,0.5577117204666138,0.0,True,0.0625,"[0.015625, 0.125]",0.8550753593444824,"[0.7688640626787674, 0.9423088014766108]",0.0625,"[0.015625, 0.125]",0.013967147096991539,16.0,1.9496590653034218e-07,1.6794059547464713e-06,2.7576138705853737e-08,-4.001834895461798e-05,0.000505644828081131,5.977153136882407e-07,0.0008449092274531722,1.9683195517927743e-08,1.8083217412367958e-07,0.0008449092274531722,4.8180829992361396e-08,7.156685200016e-08,0.0006880915025249124,0.0,0.0625,64,0.0334373414516449,2.636701354910826,full
0.0,0.015625,0.0,-0.29736360907554626,-0.2183806151151657,0.0,True,0.015625,"[0.0, 0.046875]",0.07898298650979996,"[0.0469463761396824, 0.116114573535674]",0.015625,"[0.0, 0.046875]",0.0015029957285150886,2.0,4.0889923391684846e-11,8.096217030129083e-09,9.009419599248503e-11,-0.00020091765327379107,7.097584102666588e-07,4.1475177459116e-11,1.1028721928596497e-05,9.489449157018548e-13,1.0692154626956718e-12,1.1028721928596497e-05,-7.004457777681772e-13,1.0307334152859227e-10,-5.503990792021796e-07,0.0,0.015625,64,0.0034291446208953857,0.019603875498421353,pos_only
0.0,0.5625,0.0,-0.29736360907554626,0.2058122307062149,0.0,True,0.5625,"[0.4375, 0.6875]",0.5031758546829224,"[0.42158878520767756, 0.5902675226707288]",0.5625,"[0.4375, 0.6875]",0.003215524833649397,4.0,1.4371996925888197e-09,1.3902725015668693e-07,2.406973065305351e-09,-8.56266706250608e-05,0.0037670214660465717,1.5402605857417484e-09,0.0037670214660465717,6.389161422148959e-11,7.864837253679369e-11,0.0018049490172415972,2.038397006742798e-09,3.93962107381185e-09,6.284427854552632e-06,0.0,0.5625,64,0.004030197858810425,0.0855268454889031,pos_only
0.0,0.75,0.0,-0.29736360907554626,0.28042668104171753,0.0,True,0.75,"[0.640625, 0.859375]",0.5777902603149414,"[0.5137254596818821, 0.6446721435968357]",0.75,"[0.640625, 0.859375]",0.004857154563069344,6.0,4.893276450701478e-09,4.118245158224454e-07,5.740855790747901e-09,0.0002461837721057236,0.003960759378969669,2.718075720054003e-08,0.003960759378969669,1.7124114626287934e-10,3.896184264107205e-09,0.0019587285351008177,6.685522691007861e-10,1.1940316291259023e-08,1.5285824702004902e-05,0.0,0.75,64,0.0029330849647521973,0.2133407183620606,pos_only
0.0,0.5625,0.0,-0.29736360907554626,0.3331708610057831,0.0,True,0.5625,"[0.4375, 0.6722656249999979]",0.6305344700813293,"[0.5638645247847307, 0.7004480884526856]",0.5625,"[0.4375, 0.6722656249999979]",0.006783145479857922,8.0,5.740696096268039e-08,1.1928143521799939e-06,2.3970596174649472e-08,0.01068927627056837,0.003875941503793001,2.261405285253204e-07,0.01068927627056837,1.673224225839931e-09,3.6392506785887235e-08,0.0019104017410427332,5.29584331943056e-09,5.185337386137689e-07,8.261982293333858e-05,0.0,0.5625,64,0.002888619899749756,0.45161381533895684,pos_only
0.0,0.328125,0.0,-0.29736360907554626,0.4145784378051758,0.0,True,0.328125,"[0.21875, 0.453125]",0.7119420766830444,"[0.6235744536388665, 0.8035606852732599]",0.328125,"[0.21875, 0.453125]",0.009716478176414967,12.0,2.946908352896571e-07,3.0884959869581508e-06,7.040652150180904e-08,0.0016379428561776876,0.0013603230472654104,1.2401268350004102e-06,0.0016379428561776876,3.310951157686759e-08,2.6980120537700714e-07,0.0013044050429016352,6.144291120335765e-08,1.8788763611610193e-07,0.0005608684732578695,0.0,0.328125,64,0.00977182388305664,1.344704731149469,pos_only
0.0,0.015625,0.0,-0.29736360907554626,0.5549807548522949,0.0,True,0.015625,"[0.0, 0.046875]",0.8523443937301636,"[0.7728204096085391, 0.9308871324756183]",0.015625,"[0.0, 0.046875]",0.01314113475382328,16.0,2.7608291475189617e-07,2.0706388568214606e-06,4.500088479630904e-08,7.703877054154873e-05,0.0005875234492123127,5.816711450279399e-07,0.0011233844561502337,2.7995945117709198e-08,1.347561209286141e-07,0.0011233844561502337,7.099916388142447e-08,9.653751220639606e-08,0.0007099319482222199,0.0,0.015625,64,0.01682382822036743,2.600419445377352,pos_only
0.0,0.0,0.0,-0.29736360907554626,-0.29736360907554626,0.0,True,0.0,"[0.0, 0.0]",0.0,"[0.0, 0.0]",0.0,"[0.0, 0.0]",0.0,1.0,0.0,0.0,0.0,0.0,0.0,0.0,0.0,0.0,0.0,0.0,0.0,0.0,0.0,0.0,0.0,64,0.0,0.0,neg_only
0.0,0.0,0.5,-0.29736360907554626,-0.2772088646888733,0.0,True,0.0,"[0.0, 0.0]",0.020154735073447227,"[-0.013777868858277743, 0.054441796962098]",0.0,"[0.0, 0.0]",0.0013620948884636164,1.0,-2.2951206907206867e-11,-4.477915815925826e-10,2.7774033073413307e-12,3.6974670365452766e-05,-2.2112324415957119e-07,-3.2223008983311985e-13,3.6974670365452766e-05,-1.1875049554799233e-14,6.296107298714437e-13,2.038955790339969e-05,-1.6258583021566686e-12,-5.4698773288563984e-11,-2.2921346953808097e-07,0.0,0.0,64,0.01332196593284607,0.04902909216626172,neg_only
0.0,0.0,1.0,-0.29736360907554626,-0.27871039509773254,0.0,True,0.0,"[0.0, 0.0]",0.018653206527233124,"[-0.019792458892984043, 0.05882948530007856]",0.0,"[0.0, 0.0]",0.0025787907652556896,1.0,-3.3688489498029384e-11,-1.1369860608567706e-10,-4.5338705012554215e-11,-3.879464929923415e-05,-1.0081677714879334e-07,-1.464494758102175e-12,2.359197605983354e-05,-1.9180474266147773e-13,4.8592619511511614e-11,2.359197605983354e-05,-4.600300175516825e-12,-4.8974671540413794e-11,-5.33381637524144e-07,0.0,0.0,64,0.022780925035476685,0.10082414105623005,neg_only
0.0,0.015625,0.0,-0.29736360907554626,-0.21375775337219238,0.0,True,0.015625,"[0.0, 0.046875]",0.08360584080219269,"[0.051676968843477056, 0.1207459715319011]",0.015625,"[0.0, 0.046875]",0.0015286382986232638,2.0,7.50431106144589e-11,1.2793312187397987e-08,2.1843422903788934e-10,-0.00016521321958862245,1.167253685707692e-06,7.654062106343673e-11,1.3175453204894438e-05,1.560865802927025e-12,1.7912596319419327e-12,1.3175453204894438e-05,4.61156893921677e-12,2.11256470650234e-10,-4.0453386418448645e-07,0.0,0.015625,64,0.001110166311264038,0.013971118935707683,sparse_only
0.0,0.625,0.0,-0.29736360907554626,0.22445553541183472,0.0,True,0.625,"[0.515234375, 0.75]",0.5218191742897034,"[0.4415567133430159, 0.604125343868145]",0.625,"[0.515234375, 0.75]",0.00327766383998096,4.0,2.171727686572922e-09,1.8475168417353416e-07,3.3110258979007767e-09,5.0801318138837814e-06,0.006643046624958515,2.4364239514795827e-09,0.006643046624958515,7.078728575526938e-11,1.305444641275244e-10,0.003261219011619687,2.517094976894896e-09,4.829760591462673e-09,6.010780452925246e-06,0.0,0.625,64,0.0023166537284851074,0.07687476735744037,sparse_only
0.0,0.6875,0.0,-0.29736360907554626,0.28888773918151855,0.0,True,0.6875,"[0.578125, 0.796875]",0.5862513780593872,"[0.5203703829800361, 0.6542768183091537]",0.6875,"[0.578125, 0.796875]",0.005072102881968021,6.0,5.629520849481651e-09,5.076263960290817e-07,6.686224018892517e-09,0.002989406930282712,0.002151892287656665,3.590186636870385e-08,0.002989406930282712,2.7978167005393573e-10,5.216473919489317e-09,0.0018945039482787251,8.487963110148655e-10,1.4021117600293564e-08,1.5713028915342875e-05,0.0,0.6875,64,-0.0001316070556640625,0.2135961072078203,sparse_only
0.0,0.546875,0.0,-0.29736360907554626,0.3436752259731293,0.0,True,0.546875,"[0.421875, 0.671875]",0.6410387754440308,"[0.5751978109474294, 0.710808786022244]",0.546875,"[0.421875, 0.671875]",0.006758226081728935,8.0,6.49772502470114e-08,1.389782369187742e-06,2.7331708452038583e-08,0.010776977054774761,0.0033121644519269466,2.9853185878891964e-07,0.010776977054774761,2.6823565590916587e-09,4.3598046062243156e-08,0.0017851425800472498,5.82852743846729e-09,5.425570748229802e-07,8.854425686877221e-05,0.0,0.546875,64,-0.002589881420135498,0.4717448141845817,sparse_only
0.0,0.3125,0.0,-0.29736360907554626,0.4242122173309326,0.0,True,0.3125,"[0.203125, 0.42226562499999787]",0.7215757369995117,"[0.6296262549469247, 0.819462664151797]",0.3125,"[0.203125, 0.42226562499999787]",0.010344083420932293,12.0,3.1142110401560785e-07,3.162162556691328e-06,6.830320131712142e-08,0.0006672345916740596,0.0011692167026922107,1.1354218258929905e-06,0.0013452221173793077,3.660488800960593e-08,2.265491190200919e-07,0.0013452221173793077,6.103525151957001e-08,2.084181005557184e-07,0.00048084065201692283,0.0,0.3125,64,0.0035882294178009033,1.4366702136793186,sparse_only
0.0,0.015625,0.0,-0.29736360907554626,0.5635579824447632,0.0,True,0.015625,"[0.0, 0.046875]",0.8609216213226318,"[0.7871827541966923, 0.9354729885119013]",0.015625,"[0.0, 0.046875]",0.013484848663210869,16.0,2.941190757610457e-07,2.1327782633306924e-06,4.916941520605178e-08,9.018671698868275e-05,0.0006407619803212583,5.181699407330598e-07,0.0012681540101766586,3.70557629025825e-08,1.1373462882602325e-07,0.0012681540101766586,7.48561888030963e-08,1.0421150165029758e-07,0.0006130328983999789,0.0,0.015625,64,0.007462143898010254,2.7601648763345836,sparse_only
0.0,0.0,0.0,-0.29736360907554626,-0.2907787561416626,0.0,True,0.0,"[0.0, 0.0]",0.006584823131561279,"[-0.0009443316898924081, 0.01795401586735357]",0.0,"[0.0, 0.0]",0.00046251030289568007,2.0,4.269039982629508e-12,1.3957901501271408e-10,1.3451906255568247e-11,4.290253855288029e-06,1.8472707097316743e-07,3.7369564907796526e-13,4.290253855288029e-06,7.915998585794615e-14,1.2623008107531808e-13,1.3895005395170301e-06,1.0592282259636043e-12,1.3145859401042514e-11,7.064568308123853e-08,0.0,0.0,64,0.0005764365196228027,-0.0025939288502789815,random
0.0,0.0,0.0,-0.29736360907554626,-0.296586275100708,0.0,True,0.0,"[0.0, 0.0]",0.0007773169782012701,"[-0.004628903478875656, 0.008661722684708545]",0.0,"[0.0, 0.0]",0.0005495665827766061,4.0,1.0356583646231599e-11,5.775373512761917e-10,3.048925001358782e-11,8.078827522695065e-05,3.623642896855017e-08,6.127570239405911e-13,8.078827522695065e-05,1.5427904179882157e-13,1.7256671352300357e-13,9.245486580766737e-07,2.2236249300200406e-12,3.162661799116506e-11,1.5319756130338646e-07,0.0,0.0,64,-0.0005868971347808838,-0.005235838269817439,random
0.0,0.0,0.0,-0.29736360907554626,-0.29252076148986816,0.0,True,0.0,"[0.0, 0.0]",0.004842828959226608,"[-0.0030926154152343343, 0.016520997414602685]",0.0,"[0.0, 0.0]",0.0005576817784458399,6.0,1.602861593452687e-11,6.539406793848457e-10,4.2012490708565053e-11,2.2065185476094484e-05,2.2709173208568245e-07,7.973819087653267e-13,2.2065185476094484e-05,1.6924504332715973e-13,3.593066599458239e-13,4.058721970068291e-06,2.4771027243297716e-12,4.289081589892163e-11,2.392769147263607e-07,0.0,0.0,64,-0.0009609460830688477,-0.007019143080613244,random
0.0,0.0,0.0,-0.29736360907554626,-0.2959515154361725,0.0,True,0.0,"[0.0, 0.0]",0.0014120838604867458,"[-0.00296612772120568, 0.00899837371025142]",0.0,"[0.0, 0.0]",0.0005571676883846521,8.0,2.0422948054932277e-11,1.2233980495324204e-09,8.090302039409636e-11,6.033276440575719e-05,8.061920198088046e-08,1.6280859039402573e-12,6.033276440575719e-05,2.8445952190980783e-13,3.3657538561771005e-13,4.927722329739481e-06,5.054540987148304e-12,7.501467502724068e-11,3.331535936013097e-07,0.0,0.0,64,-0.0017810463905334473,-0.009226597481696519,random
0.0,0.0,0.0,-0.29736360907554626,-0.2943814694881439,0.0,True,0.0,"[0.0, 0.0]",0.002982126548886299,"[-0.005167542469113684, 0.014686233635888949]",0.0,"[0.0, 0.0]",0.0006604482186958194,12.0,3.958641053847245e-11,1.720634523749709e-09,1.1307975389396319e-10,5.8904814068228006e-05,3.169635078847932e-07,2.5662204566206936e-12,5.8904814068228006e-05,4.710616120263966e-13,8.280054159676142e-13,9.76857336354442e-06,6.9153927376164326e-12,1.1664781640607913e-10,5.821168542752275e-07,0.0,0.0,64,0.0002530217170715332,-0.012757305247987016,random
0.0,0.0,0.0,-0.29736360907554626,-0.3012806177139282,0.0,True,0.0,"[0.0, 0.0]",-0.0039170184172689915,"[-0.0114619347333214, 0.004924695196298495]",0.0,"[0.0, 0.0]",0.0006025801412761211,16.0,5.709729217207027e-11,2.859271264199492e-09,1.9142239182645682e-10,8.155067916959524e-05,1.8809652146956068e-07,4.450051438453784e-12,8.155067916959524e-05,7.297349031466782e-13,1.2423532255029235e-12,1.1071068001911044e-05,1.0225203496416757e-11,1.7940877949929046e-10,8.387522711927886e-07,0.0,0.0,64,0.001730799674987793,-0.018303989112676167,random
0.0,0.0,0.0,-0.29736360907554626,-0.2774754464626312,0.0,True,0.0,"[0.0, 0.0]",0.019888147711753845,"[0.008336164564459025, 0.03561421094571173]",0.0,"[0.0, 0.0]",0.0007821975741535425,0.5,3.578521506897303e-11,2.4739412740615307e-09,9.199889461353195e-11,-0.00012233242159709334,2.0865314809270785e-08,5.556400825557084e-12,4.718506261269795e-07,2.3547906246451644e-13,1.6299557190069258e-12,-4.2315969039918855e-06,1.9873555925919995e-12,8.635846204807507e-11,4.718506261269795e-07,0.0,0.0,64,0.003643512725830078,0.017713151528703897,caa
0.0,0.0,0.0,-0.29736360907554626,-0.26301124691963196,0.0,True,0.0,"[0.0, 0.0]",0.03435235098004341,"[0.015197644745649086, 0.05466539820856364]",0.0,"[0.0, 0.0]",0.00170646992046386,1.0,2.2779313157972325e-10,2.076003724482689e-08,6.305189703681435e-10,-0.0002920434344559908,4.4635118001679075e-07,3.7189060858588974e-11,2.1873297555430327e-06,1.635965885329882e-12,7.547754088399472e-12,-6.3623901951359585e-06,1.7468488461291898e-11,6.170948196881909e-10,2.1873297555430327e-06,0.0,0.0,64,0.006533980369567871,0.03914948241017502,caa
0.0,0.03125,0.0,-0.29736360907554626,-0.11404220759868622,0.0,True,0.03125,"[0.0, 0.078125]",0.18332138657569885,"[0.13558308587438433, 0.23507743952818028]",0.09375,"[0.03125, 0.171875]",0.002616642042994499,1.5,1.0626836077776147e-09,1.1228522822648301e-07,3.2713047826149477e-09,-0.00034447855432517827,1.1514539437484927e-05,2.0511510545606626e-10,6.800097617087886e-05,5.3420007133098135e-12,6.6718661845266425e-12,6.800097617087886e-05,8.972136228413419e-11,3.177712981639047e-09,1.5023980267869774e-05,0.0,0.09375,64,0.00783151388168335,0.06424543162232288,caa
0.0,0.53125,0.0,-0.29736360907554626,0.17499814927577972,0.0,True,0.53125,"[0.40625, 0.65625]",0.4723617434501648,"[0.3956708732943298, 0.5575414289810396]",0.53125,"[0.40625, 0.65625]",0.003958198707550764,2.0,4.254250285384842e-08,1.6845024219946936e-06,2.5353376287284846e-08,-0.0003904986660927534,0.000995810842141509,4.809372011749247e-09,0.0017593054799363017,3.1134124167664368e-09,3.593584596561783e-10,0.0017593054799363017,9.566059944177141e-09,6.934227769761492e-08,0.0009329310851171613,0.0,0.53125,64,0.007823348045349121,0.09837497483100721,caa
0.0,0.578125,0.0,-0.29736360907554626,0.2980305254459381,0.0,True,0.578125,"[0.46875, 0.703125]",0.5953941345214844,"[0.5306921999719634, 0.6622976158803795]",0.578125,"[0.46875, 0.703125]",0.007553427945822477,3.0,1.1002038391438873e-08,1.1316191148580401e-06,1.59321604797924e-08,-0.0003428545605856925,0.00195463839918375,2.7710167493921745e-09,0.00195463839918375,9.932258349110157e-10,3.0958186014728994e-10,0.00014012308383826166,2.7037141414609778e-09,3.758700017897354e-08,0.00016308588965330273,0.0,0.578125,64,0.005759894847869873,0.18342589635600914,caa
0.0,0.0,0.0,-0.29736360907554626,-0.293789803981781,0.0,True,0.0,"[0.0, 0.0]",0.003573779948055744,"[0.001486801112983116, 0.005635511433780138]",0.0,"[0.0, 0.0]",0.002295532263815403,2.0,-2.076776250969914e-13,1.5549517229374032e-10,1.843838970394529e-11,6.16964534856379e-05,-1.0906546776823234e-08,3.0344151670524955e-13,6.16964534856379e-05,-5.2735593669694936e-15,7.36589608751892e-14,3.923436452168971e-06,1.0321439883331784e-12,1.1990020087893072e-11,9.32429884414887e-08,0.0,0.0,64,0.004689633846282959,0.013882518630765617,outside_window
0.0,0.0,0.0,-0.29736360907554626,-0.2867177128791809,0.0,True,0.0,"[0.0, 0.0]",0.01064588874578476,"[0.004651736436941079, 0.018692517020494747]",0.0,"[0.0, 0.0]",0.005131411366164684,4.0,6.284021913938176e-12,5.675933056892291e-10,6.365623306248125e-11,0.00018214114243164659,8.508203563906136e-08,1.2185857791585653e-12,0.00018214114243164659,7.57302207055055e-14,4.818875333489903e-13,1.643048381083645e-05,3.997442134251461e-12,3.367114920216352e-11,1.7841932731244015e-07,0.0,0.0,64,0.006701171398162842,0.025621964364550553,outside_window
0.0,0.0,0.0,-0.29736360907554626,-0.2882760763168335,0.0,True,0.0,"[0.0, 0.0]",0.00908751506358385,"[-0.005141713809035408, 0.02281851407097971]",0.0,"[0.0, 0.0]",0.011062593199312687,6.0,2.228495860068236e-11,1.9433830100723526e-09,2.072832322452811e-10,0.00024359236704185605,3.565932615856582e-08,5.0418436786658916e-12,0.00024359236704185605,2.258527566356694e-13,9.84124023592492e-13,2.5828179786913097e-05,1.1872755383002254e-11,1.1743532535302137e-10,6.212819698703242e-07,0.0,0.0,64,0.005250304937362671,0.029281819046278468,outside_window
0.0,0.0,0.0,-0.29736360907554626,-0.3087695240974426,0.0,True,0.0,"[0.0, 0.0]",-0.011405900120735168,"[-0.037555853580850854, 0.011611555694024375]",0.0,"[0.0, 0.0]",0.019429843872785568,8.0,1.0161749219861349e-10,9.043445103884551e-09,1.0692718932503453e-09,0.0004927847185172141,1.0336322020521038e-08,3.2727671267496206e-11,0.0004927847185172141,1.0990882683137304e-12,2.5499511356608107e-12,3.323949204059318e-05,5.245504031137216e-11,6.266104857211019e-10,1.5842841776247951e-06,0.0,0.0,64,-0.0030782222747802734,0.025902996646493204,outside_window
0.0,0.015625,0.0,-0.29736360907554626,-0.15341314673423767,0.0,True,0.015625,"[0.0, 0.046875]",0.1439504325389862,"[0.10161661008966512, 0.18816885750540843]",0.25,"[0.15625, 0.359375]",0.051558852195739746,12.0,3.5176608292886158e-09,2.632445728067978e-07,2.2863066106992846e-08,0.001553593436256051,2.7770647648139857e-05,1.576716091022945e-09,0.001553593436256051,1.3670768683748946e-10,1.5981106715745597e-10,0.00029663692112080753,8.749049817957655e-10,1.789197767720907e-08,2.0305908037698828e-05,0.0,0.25,64,-0.016591787338256836,0.017017525116203913,outside_window
0.0,0.21875,0.0,-0.29736360907554626,-0.03702901303768158,0.0,True,0.21875,"[0.125, 0.31289062499999787]",0.2603345513343811,"[0.19897912594458375, 0.3236877967726741]",0.40625,"[0.296484375, 0.53125]",0.08954191207885742,16.0,1.1104633657055274e-08,6.680364776912029e-07,4.049164203934197e-08,-0.00011427068966440856,7.293784437933937e-05,4.809264542160463e-09,0.00029198924312368035,5.082665399669395e-10,6.521090334388191e-10,0.00029198924312368035,2.186633984990749e-09,3.8691450043870645e-08,4.660845297621563e-05,0.0,0.40625,64,-0.030173420906066895,0.025298374094194997,outside_window
