DEFAULT_base,DEFAULT_edit,beta,dM_base,dM_edit,excess,feasible,gain_DEFAULT,gain_DEFAULT_ci,gain_dM,gain_dM_ci,gain_lid,gain_lid_ci,kl_offdecision,lam,leak_am,leak_ar,leak_de,leak_es,leak_fr,leak_hi,leak_max,leak_mr,leak_ne,leak_sw,leak_te,leak_ur,leak_zh,lid_base,lid_edit,n,util_nll,util_nll_all,variant
0.0,0.0,0.0,-0.29739123582839966,-0.2288559377193451,0.0,True,0.0,"[0.0, 0.0]",0.06853530555963516,"[0.03663475717605351, 0.10358442937122801]",0.0,"[0.0, 0.0]",0.011750508099794388,2.0,-2.2492754186975716e-11,-3.377031987383816e-10,4.801346221938729e-05,-4.2421245893820014e-07,-2.3654625692870468e-05,3.092278169636309e-11,4.801346221938729e-05,-1.9556692420000243e-13,-4.949866471565256e-13,-2.7190497348783538e-05,2.863136394637422e-10,1.8616154451311928e-10,-5.144229930920119e-07,0.0,0.0,64,0.012784451246261597,0.049381944566837976,full
0.0,0.0,0.5,-0.29739123582839966,-0.2395523190498352,0.0,True,0.0,"[0.0, 0.0]",0.05783892422914505,"[0.014810627379847573, 0.10123961156811276]",0.0,"[0.0, 0.0]",0.017115717753767967,2.0,-4.061564626289815e-11,-8.918743521491024e-10,0.0030961313750594854,-4.223506664402521e-07,-2.369620960962493e-05,1.368825625763792e-11,0.0030961313750594854,-5.339838272076791e-13,-1.1638658786727873e-12,1.954291292349808e-05,2.2031132473898651e-10,7.347035479998709e-11,-7.15828889497061e-07,0.0,0.0,64,0.012456774711608887,0.05484175309008932,full
0.0,0.046875,1.0,-0.29739123582839966,-0.2235705703496933,0.0,True,0.046875,"[0.0, 0.109375]",0.07382068037986755,"[0.007226194932354701, 0.14843309394694582]",0.046875,"[0.0, 0.109375]",0.019551418721675873,2.0,-2.745955372807085e-11,-3.1442581871488073e-10,0.0017203583847731352,-4.175255980953807e-07,-2.4355902496608905e-05,2.3520043551661374e-11,0.0017203583847731352,-5.386951193279976e-13,-1.066059567012001e-12,3.647335688583553e-06,5.649368750582084e-10,2.865535031482125e-10,-7.424587238347158e-07,0.0,0.046875,64,0.012783527374267578,0.05904058100997478,full
0.0,1.0,0.0,-0.29739123582839966,0.6360650062561035,0.0,True,1.0,"[1.0, 1.0]",0.9334562420845032,"[0.8710720605682581, 1.0002838783198966]",1.0,"[1.0, 1.0]",0.03423944115638733,4.0,-5.091539342916285e-11,-2.9685267577406194e-09,-0.0005946250748820603,-4.3230204482824774e-07,-2.764274540822953e-05,8.67208041488432e-12,8.67208041488432e-12,-5.550605548104715e-13,-1.2219979802358116e-12,-3.1052320991875604e-05,-5.2650436094259234e-12,-5.390604629340601e-11,-1.1333079328323947e-06,0.0,1.0,64,0.03079855442047119,0.13374804297348186,full
0.0,1.0,0.5,-0.29739123582839966,0.6184789538383484,0.0,True,1.0,"[1.0, 1.0]",0.915870189666748,"[0.8558748313225806, 0.978245975379832]",1.0,"[1.0, 1.0]",0.03899088501930237,4.0,-5.253021628792709e-11,-3.085031563543339e-09,-0.0005946251330897212,-4.322038478221657e-07,-2.7642867280519567e-05,1.9424399155115735e-12,1.9424399155115735e-12,-5.613848687129053e-13,-1.2176522810880552e-12,-3.105360519839451e-05,-1.353693806355194e-11,-1.2222584055976426e-10,-1.208282583320397e-06,0.0,1.0,64,0.03070276975631714,0.13619399511627583,full
0.0,1.0,1.0,-0.29739123582839966,0.6190946102142334,0.0,True,1.0,"[1.0, 1.0]",0.9164859056472778,"[0.8625026209512725, 0.9739874346414581]",1.0,"[1.0, 1.0]",0.04082341492176056,4.0,-5.2717229886978245e-11,-3.0667379746773804e-09,-0.0005946250748820603,-4.3222220824645774e-07,-2.7642887289403006e-05,2.0638445379778103e-12,2.0638445379778103e-12,-5.618977505505995e-13,-1.2156720942402277e-12,-3.105347786913626e-05,-1.392452212561901e-11,-1.1420035750386859e-10,-1.214809344673995e-06,0.0,1.0,64,0.03193327784538269,0.13839506255105083,full
0.0,1.0,0.0,-0.29739123582839966,0.5983537435531616,0.0,True,1.0,"[1.0, 1.0]",0.895745038986206,"[0.8401380823226645, 0.9530746150761843]",1.0,"[1.0, 1.0]",0.12733295559883118,6.0,-5.303858741090295e-11,-3.199758236149819e-09,-0.0005946251330897212,-4.324021176671522e-07,-2.7642910936265253e-05,-3.5084105759475293e-12,0.0,-5.615496674431231e-13,-8.560995879217104e-13,-3.10547293338459e-05,-1.4182949086005703e-11,-1.8970963688857978e-10,-1.2164025520178257e-06,0.0,1.0,64,0.04848945140838623,0.2605972493525759,full
0.0,1.0,0.5,-0.29739123582839966,0.5879220366477966,0.007675826549530029,False,1.0,"[1.0, 1.0]",0.8853132724761963,"[0.8290424074744805, 0.9415112084243445]",1.0,"[1.0, 1.0]",0.13555695116519928,6.0,-5.301022468207073e-11,-3.1913924836146634e-09,-0.0005946220480836928,-4.3239890601398656e-07,-2.764290366030764e-05,-3.109186085675786e-12,0.0,-5.606468522940944e-13,-4.492204676818934e-13,-3.105474024778232e-05,-1.417910840822989e-11,-1.8880703944734734e-10,-1.216090026900929e-06,0.0,1.0,64,0.04759246110916138,0.26218485798299906,full
0.0,1.0,1.0,-0.29739123582839966,0.5799671411514282,0.004165768623352051,False,1.0,"[1.0, 1.0]",0.8773583173751831,"[0.820534201269038, 0.9333454543724656]",1.0,"[1.0, 1.0]",0.1320468932390213,6.0,-5.295548027861585e-11,-3.174422502638663e-09,-0.0005946170422248542,-4.3239450064902485e-07,-2.764289456536062e-05,-9.428985370263376e-13,0.0,-5.587974202282686e-13,-1.4875936853869787e-13,-3.105473660980351e-05,-1.4174856600990271e-11,-1.880799405107325e-10,-1.2155196600360796e-06,0.0,1.0,64,0.04625090956687927,0.26417588984135376,full
0.0,1.0,0.0,-0.29739123582839966,0.566596508026123,0.06400236487388611,False,1.0,"[1.0, 1.0]",0.8639876842498779,"[0.8107838584575802, 0.9182945813983678]",1.0,"[1.0, 1.0]",0.19188348948955536,8.0,-5.294988406068235e-11,-3.181148233721842e-09,-0.0005946249584667385,-4.323954669871455e-07,-2.764286909950897e-05,-3.2774169662908026e-12,1.4247853764859375e-11,-5.576623147637849e-13,1.4247853764859375e-11,-3.105473660980351e-05,-1.4174698741153957e-11,-1.8869196483084494e-10,-1.2147630741310422e-06,0.0,1.0,64,0.0553210973739624,0.45354743159851685,full
0.0,1.0,0.5,-0.29739123582839966,0.5746749639511108,0.06970150768756866,False,1.0,"[1.0, 1.0]",0.8720661401748657,"[0.8178592310054228, 0.9300164238549768]",1.0,"[1.0, 1.0]",0.19758263230323792,8.0,-5.285956394818214e-11,-3.162352602004148e-09,-0.0005946244345977902,-4.32376680237212e-07,-2.7642850909614936e-05,-5.735039179666224e-13,1.2031938813328313e-11,-5.459872462997006e-13,1.2031938813328313e-11,-3.1054722057888284e-05,-1.41745764431489e-11,-1.8527349099350943e-10,-1.2140702665419667e-06,0.0,1.0,64,0.0517047643661499,0.45404785964770467,full
0.0,1.0,1.0,-0.29739123582839966,0.5730884075164795,0.07022975385189056,False,1.0,"[1.0, 1.0]",0.8704796433448792,"[0.8140709737315774, 0.9287410215474665]",1.0,"[1.0, 1.0]",0.19811087846755981,8.0,-5.2394706628877685e-11,-3.079193788835255e-09,-0.0005946239689365029,-4.3230195956311945e-07,-2.7642759960144758e-05,9.826841597393443e-12,1.3982421991076688e-11,-4.956824339007182e-13,1.3982421991076688e-11,-3.105468931607902e-05,-1.4162803742279184e-11,-1.6849327488799304e-10,-1.2104389952583006e-06,0.0,1.0,64,0.04988366365432739,0.45380805193275675,full
0.0,0.890625,0.0,-0.29739123582839966,0.6018843650817871,0.10772156715393066,False,0.890625,"[0.8125, 0.96875]",0.8992756605148315,"[0.8390339536359533, 0.9589968350948765]",0.890625,"[0.8125, 0.96875]",0.23560269176959991,12.0,-5.2975339392968834e-11,-3.186335417737496e-09,-0.0005946251912973821,-4.3240237346253707e-07,-2.7642892746371217e-05,-3.248315895779119e-12,3.6454228524718246e-11,-5.578450570399573e-13,3.6454228524718246e-11,-3.105474388576113e-05,-1.4192158732939664e-11,-1.8483919950185168e-10,-1.2147969528086833e-06,0.0,0.890625,64,0.048890650272369385,1.1010174798761967,full
0.0,0.9375,0.5,-0.29739123582839966,0.6328502893447876,0.11836256086826324,False,0.9375,"[0.875, 0.984375]",0.9302415251731873,"[0.8693369339453056, 0.9901301553472875]",0.9375,"[0.875, 0.984375]",0.2462436854839325,12.0,-5.2957919299823075e-11,-3.1852056547876373e-09,-0.0005946251912973821,-4.32401179750741e-07,-2.764288910839241e-05,-2.6380065666631314e-12,2.9085900354886007e-11,-5.562081828100474e-13,2.9085900354886007e-11,-3.105474388576113e-05,-1.419197485225121e-11,-1.8434914705878214e-10,-1.2139082627982134e-06,0.0,0.9375,64,0.04739576578140259,1.095808122778685,full
0.0,0.953125,1.0,-0.29739123582839966,0.6497666239738464,0.12447647750377655,False,0.953125,"[0.890625, 1.0]",0.9471578598022461,"[0.8857931209146045, 1.0124145544483327]",0.953125,"[0.890625, 1.0]",0.2523576021194458,12.0,-5.294572766323391e-11,-3.1836091540782263e-09,-0.0005946251912973821,-4.324002702560392e-07,-2.7642887289403006e-05,-2.347521482759518e-12,2.0037374537373864e-11,-5.545102137877178e-13,2.0037374537373864e-11,-3.105474024778232e-05,-1.4191928882079097e-11,-1.8432326498452056e-10,-1.2139203136030119e-06,0.0,0.953125,64,0.04536077380180359,1.0998572475710091,full
0.0,0.96875,0.0,-0.29739123582839966,0.4431328773498535,0.12608279287815094,False,0.96875,"[0.921875, 1.0]",0.7405241131782532,"[0.6784444283810445, 0.8030650923610665]",0.96875,"[0.921875, 1.0]",0.2539639174938202,16.0,-5.306385539305403e-11,-3.202444753824807e-09,-0.0005946251912973821,-4.324067219840799e-07,-2.7642912755254656e-05,-3.5703185199964516e-12,0.0,-5.622861659788925e-13,-5.564184638214009e-13,-3.1054747523739934e-05,-1.419285435705353e-11,-1.9044037180560025e-10,-1.2164354075139272e-06,0.0,0.96875,64,0.04044380784034729,2.030304073100409,full
0.0,0.90625,0.5,-0.29739123582839966,0.44573676586151123,0.1320304423570633,False,0.90625,"[0.828125, 0.96875]",0.7431280016899109,"[0.6817589762154966, 0.8051272711483761]",0.90625,"[0.828125, 0.96875]",0.25991156697273254,16.0,-5.30639872320382e-11,-3.20242010687366e-09,-0.0005946251912973821,-4.324067219840799e-07,-2.7642912755254656e-05,-3.5780449783584523e-12,0.0,-5.622889306944323e-13,-4.311150503429062e-13,-3.1054747523739934e-05,-1.419285435705353e-11,-1.9042972754235166e-10,-1.216493046740652e-06,0.0,0.90625,64,0.03934061527252197,2.0255910390471326,full
0.0,0.859375,1.0,-0.29739123582839966,0.45148155093193054,0.12980104982852936,False,0.859375,"[0.765625, 0.9375]",0.7488728165626526,"[0.6881511824554764, 0.8120309992111288]",0.859375,"[0.765625, 0.9375]",0.2576821744441986,16.0,-5.306426825724131e-11,-3.202489162745792e-09,-0.0005946251912973821,-4.324067219840799e-07,-2.7642912755254656e-05,-3.58220462841341e-12,0.0,-5.62287250181065e-13,-3.9693351687117295e-13,-3.1054747523739934e-05,-1.4192856091777006e-11,-1.904296165200492e-10,-1.2165342013759073e-06,0.0,0.859375,64,0.03929212689399719,2.0291414098074902,full
0.0,0.0,0.0,-0.29739123582839966,-0.2288559377193451,0.0,True,0.0,"[0.0, 0.0]",0.06853530555963516,"[0.03663475717605351, 0.10358442937122801]",0.0,"[0.0, 0.0]",0.011750508099794388,2.0,-2.2492754186975716e-11,-3.377031987383816e-10,4.801346221938729e-05,-4.2421245893820014e-07,-2.3654625692870468e-05,3.092278169636309e-11,4.801346221938729e-05,-1.9556692420000243e-13,-4.949866471565256e-13,-2.7190497348783538e-05,2.863136394637422e-10,1.8616154451311928e-10,-5.144229930920119e-07,0.0,0.0,64,0.012784451246261597,0.049381944566837976,pos_only
0.0,1.0,0.0,-0.29739123582839966,0.6360650062561035,0.0,True,1.0,"[1.0, 1.0]",0.9334562420845032,"[0.8710720605682581, 1.0002838783198966]",1.0,"[1.0, 1.0]",0.03423944115638733,4.0,-5.091539342916285e-11,-2.9685267577406194e-09,-0.0005946250748820603,-4.3230204482824774e-07,-2.764274540822953e-05,8.67208041488432e-12,8.67208041488432e-12,-5.550605548104715e-13,-1.2219979802358116e-12,-3.1052320991875604e-05,-5.2650436094259234e-12,-5.390604629340601e-11,-1.1333079328323947e-06,0.0,1.0,64,0.03079855442047119,0.13374804297348186,pos_only
0.0,1.0,0.0,-0.29739123582839966,0.5983537435531616,0.0,True,1.0,"[1.0, 1.0]",0.895745038986206,"[0.8401380823226645, 0.9530746150761843]",1.0,"[1.0, 1.0]",0.12733295559883118,6.0,-5.303858741090295e-11,-3.199758236149819e-09,-0.0005946251330897212,-4.324021176671522e-07,-2.7642910936265253e-05,-3.5084105759475293e-12,0.0,-5.615496674431231e-13,-8.560995879217104e-13,-3.10547293338459e-05,-1.4182949086005703e-11,-1.8970963688857978e-10,-1.2164025520178257e-06,0.0,1.0,64,0.04848945140838623,0.2605972493525759,pos_only
0.0,1.0,0.0,-0.29739123582839966,0.566596508026123,0.06400236487388611,False,1.0,"[1.0, 1.0]",0.8639876842498779,"[0.8107838584575802, 0.9182945813983678]",1.0,"[1.0, 1.0]",0.19188348948955536,8.0,-5.294988406068235e-11,-3.181148233721842e-09,-0.0005946249584667385,-4.323954669871455e-07,-2.764286909950897e-05,-3.2774169662908026e-12,1.4247853764859375e-11,-5.576623147637849e-13,1.4247853764859375e-11,-3.105473660980351e-05,-1.4174698741153957e-11,-1.8869196483084494e-10,-1.2147630741310422e-06,0.0,1.0,64,0.0553210973739624,0.45354743159851685,pos_only
0.0,0.890625,0.0,-0.29739123582839966,0.6018843650817871,0.10772156715393066,False,0.890625,"[0.8125, 0.96875]",0.8992756605148315,"[0.8390339536359533, 0.9589968350948765]",0.890625,"[0.8125, 0.96875]",0.23560269176959991,12.0,-5.2975339392968834e-11,-3.186335417737496e-09,-0.0005946251912973821,-4.3240237346253707e-07,-2.7642892746371217e-05,-3.248315895779119e-12,3.6454228524718246e-11,-5.578450570399573e-13,3.6454228524718246e-11,-3.105474388576113e-05,-1.4192158732939664e-11,-1.8483919950185168e-10,-1.2147969528086833e-06,0.0,0.890625,64,0.048890650272369385,1.1010174798761967,pos_only
0.0,0.96875,0.0,-0.29739123582839966,0.4431328773498535,0.12608279287815094,False,0.96875,"[0.921875, 1.0]",0.7405241131782532,"[0.6784444283810445, 0.8030650923610665]",0.96875,"[0.921875, 1.0]",0.2539639174938202,16.0,-5.306385539305403e-11,-3.202444753824807e-09,-0.0005946251912973821,-4.324067219840799e-07,-2.7642912755254656e-05,-3.5703185199964516e-12,0.0,-5.622861659788925e-13,-5.564184638214009e-13,-3.1054747523739934e-05,-1.419285435705353e-11,-1.9044037180560025e-10,-1.2164354075139272e-06,0.0,0.96875,64,0.04044380784034729,2.030304073100409,pos_only
0.0,0.0,0.0,-0.29739123582839966,-0.29739123582839966,0.0,True,0.0,"[0.0, 0.0]",0.0,"[0.0, 0.0]",0.0,"[0.0, 0.0]",0.0,1.0,0.0,0.0,0.0,0.0,0.0,0.0,0.0,0.0,0.0,0.0,0.0,0.0,0.0,0.0,0.0,64,0.0,0.0,neg_only
0.0,0.0,0.5,-0.29739123582839966,-0.2847796082496643,0.0,True,0.0,"[0.0, 0.0]",0.01261165738105774,"[-0.030857962920384806, 0.05749351581448888]",0.0,"[0.0, 0.0]",0.006187953054904938,1.0,3.698732292667373e-12,2.7267186286650258e-09,-0.00033100173459388316,-2.6466204872122034e-07,6.7080854933010414e-06,1.6671938135592868e-11,0.006378841586410999,1.1209308654891448e-11,7.692867176611884e-12,0.006378841586410999,2.8753801423198055e-11,2.967328605052444e-10,-7.613342631884734e-07,0.0,0.0,64,0.0015224814414978027,0.004133119352511594,neg_only
0.0,0.0,1.0,-0.29739123582839966,-0.27960994839668274,0.0,True,0.0,"[0.0, 0.0]",0.017781294882297516,"[-0.030311265838109593, 0.06699654133974843]",0.0,"[0.0, 0.0]",0.0078917620703578,1.0,1.7200671442729742e-11,5.653680190675914e-09,-0.0004546653653960675,1.629220491849992e-07,-7.787450158502907e-06,1.665493090663439e-11,0.007364970166236162,1.457449265440669e-11,3.317630892230028e-11,0.007364970166236162,4.651648510822781e-11,6.096838589542131e-10,-5.278831167743192e-07,0.0,0.0,64,0.0008004605770111084,0.008364575685851028,neg_only
0.0,0.0,0.0,-0.29739123582839966,-0.2288559377193451,0.0,True,0.0,"[0.0, 0.0]",0.06853530555963516,"[0.03663475717605351, 0.10358442937122801]",0.0,"[0.0, 0.0]",0.011750508099794388,2.0,-2.2492754186975716e-11,-3.377031987383816e-10,4.801346221938729e-05,-4.2421245893820014e-07,-2.3654625692870468e-05,3.092278169636309e-11,4.801346221938729e-05,-1.9556692420000243e-13,-4.949866471565256e-13,-2.7190497348783538e-05,2.863136394637422e-10,1.8616154451311928e-10,-5.144229930920119e-07,0.0,0.0,64,0.012784451246261597,0.049381944566837976,sparse_only
0.0,1.0,0.0,-0.29739123582839966,0.6360650062561035,0.0,True,1.0,"[1.0, 1.0]",0.9334562420845032,"[0.8710720605682581, 1.0002838783198966]",1.0,"[1.0, 1.0]",0.03423944115638733,4.0,-5.091539342916285e-11,-2.9685267577406194e-09,-0.0005946250748820603,-4.3230204482824774e-07,-2.764274540822953e-05,8.67208041488432e-12,8.67208041488432e-12,-5.550605548104715e-13,-1.2219979802358116e-12,-3.1052320991875604e-05,-5.2650436094259234e-12,-5.390604629340601e-11,-1.1333079328323947e-06,0.0,1.0,64,0.03079855442047119,0.13374804297348186,sparse_only
0.0,1.0,0.0,-0.29739123582839966,0.5983537435531616,0.0,True,1.0,"[1.0, 1.0]",0.895745038986206,"[0.8401380823226645, 0.9530746150761843]",1.0,"[1.0, 1.0]",0.12733295559883118,6.0,-5.303858741090295e-11,-3.199758236149819e-09,-0.0005946251330897212,-4.324021176671522e-07,-2.7642910936265253e-05,-3.5084105759475293e-12,0.0,-5.615496674431231e-13,-8.560995879217104e-13,-3.10547293338459e-05,-1.4182949086005703e-11,-1.8970963688857978e-10,-1.2164025520178257e-06,0.0,1.0,64,0.04848945140838623,0.2605972493525759,sparse_only
0.0,1.0,0.0,-0.29739123582839966,0.566596508026123,0.06400236487388611,False,1.0,"[1.0, 1.0]",0.8639876842498779,"[0.8107838584575802, 0.9182945813983678]",1.0,"[1.0, 1.0]",0.19188348948955536,8.0,-5.294988406068235e-11,-3.181148233721842e-09,-0.0005946249584667385,-4.323954669871455e-07,-2.764286909950897e-05,-3.2774169662908026e-12,1.4247853764859375e-11,-5.576623147637849e-13,1.4247853764859375e-11,-3.105473660980351e-05,-1.4174698741153957e-11,-1.8869196483084494e-10,-1.2147630741310422e-06,0.0,1.0,64,0.0553210973739624,0.45354743159851685,sparse_only
0.0,0.890625,0.0,-0.29739123582839966,0.6018843650817871,0.10772156715393066,False,0.890625,"[0.8125, 0.96875]",0.8992756605148315,"[0.8390339536359533, 0.9589968350948765]",0.890625,"[0.8125, 0.96875]",0.23560269176959991,12.0,-5.2975339392968834e-11,-3.186335417737496e-09,-0.0005946251912973821,-4.3240237346253707e-07,-2.7642892746371217e-05,-3.248315895779119e-12,3.6454228524718246e-11,-5.578450570399573e-13,3.6454228524718246e-11,-3.105474388576113e-05,-1.4192158732939664e-11,-1.8483919950185168e-10,-1.2147969528086833e-06,0.0,0.890625,64,0.048890650272369385,1.1010174798761967,sparse_only
0.0,0.96875,0.0,-0.29739123582839966,0.4431328773498535,0.12608279287815094,False,0.96875,"[0.921875, 1.0]",0.7405241131782532,"[0.6784444283810445, 0.8030650923610665]",0.96875,"[0.921875, 1.0]",0.2539639174938202,16.0,-5.306385539305403e-11,-3.202444753824807e-09,-0.0005946251912973821,-4.324067219840799e-07,-2.7642912755254656e-05,-3.5703185199964516e-12,0.0,-5.622861659788925e-13,-5.564184638214009e-13,-3.1054747523739934e-05,-1.419285435705353e-11,-1.9044037180560025e-10,-1.2164354075139272e-06,0.0,0.96875,64,0.04044380784034729,2.030304073100409,sparse_only
0.0,0.0,0.0,-0.29739123582839966,-0.29379165172576904,0.0,True,0.0,"[0.0, 0.0]",0.003599578980356455,"[-0.00045661596666306535, 0.010609102059439122]",0.0,"[0.0, 0.0]",0.00040129409171640873,2.0,1.9468107681497315e-13,6.065881130723483e-11,8.153903763741255e-06,-1.913718961077393e-09,3.40243786922656e-07,5.742734846686526e-13,8.153903763741255e-06,5.4297874790137923e-14,-6.141777624674161e-14,3.075147105846554e-06,6.286074091810256e-13,2.6579016765282404e-12,5.303490979713388e-10,0.0,0.0,64,0.0007872283458709717,0.0003175633730285732,random
0.0,0.0,0.0,-0.29739123582839966,-0.29345792531967163,0.0,True,0.0,"[0.0, 0.0]",0.00393331004306674,"[-0.00022518495940140326, 0.011162952217457443]",0.0,"[0.0, 0.0]",0.00024045861209742725,4.0,-2.644100216553369e-13,7.664402446039276e-11,7.358379662036896e-06,-6.019860165906721e-09,2.6001907826866955e-07,2.4220447696066127e-13,7.358379662036896e-06,3.9041469709899523e-14,-4.5151382632724335e-14,3.928485966753215e-06,5.354666363088789e-13,4.005656917271949e-12,-5.4692918638465926e-08,0.0,0.0,64,0.00010007619857788086,0.0005799615027046734,random
0.0,0.0,0.0,-0.29739123582839966,-0.2939571142196655,0.0,True,0.0,"[0.0, 0.0]",0.003434141632169485,"[-0.0007173054743184082, 0.01051379553277627]",0.0,"[0.0, 0.0]",0.0003290009335614741,6.0,2.126580161965208e-12,1.2513812208680974e-10,8.228409569710493e-06,1.183627773571061e-08,3.6140972952125594e-06,3.04904322276367e-13,8.228409569710493e-06,4.833861175917997e-14,5.1379473592350067e-14,-6.895425030961633e-07,5.060283789215525e-13,8.427675224353948e-12,-1.5439240996784065e-08,0.0,0.0,64,0.0013044476509094238,0.0006603919934073943,random
0.0,0.0,0.0,-0.29739123582839966,-0.29361146688461304,0.0,True,0.0,"[0.0, 0.0]",0.0037797586992383003,"[-0.0009147978576649506, 0.011210002683569085]",0.0,"[0.0, 0.0]",0.0003648722777143121,8.0,6.15115597346616e-13,9.059020200652412e-11,8.527305908501148e-06,-4.744435955217341e-10,3.936702341889031e-06,3.903732805760063e-13,8.527305908501148e-06,8.352324908089681e-14,-5.1075138042533386e-14,-1.1414231266826391e-06,4.2433157682042477e-13,2.76159650702823e-12,-3.874833964800928e-08,0.0,0.0,64,0.0032562315464019775,0.0009903561848496611,random
0.0,0.0,0.0,-0.29739123582839966,-0.2883891463279724,0.0,True,0.0,"[0.0, 0.0]",0.009002065286040306,"[0.0013098739820950555, 0.02059702786706481]",0.0,"[0.0, 0.0]",0.0005272965063340962,12.0,1.966756618676513e-12,-4.268629893999787e-11,2.8172333259135485e-05,1.4069195231058984e-07,3.9563474274473265e-06,5.939200953958279e-13,2.8172333259135485e-05,1.1968892673838716e-13,7.184671694387967e-14,-1.4749512047274038e-06,5.558895357915539e-13,5.390216051281982e-12,6.002665031701326e-08,0.0,0.0,64,0.005679100751876831,0.0016724846271498617,random
0.0,0.0,0.0,-0.29739123582839966,-0.29481303691864014,0.0,True,0.0,"[0.0, 0.0]",0.0025782075244933367,"[-0.003167992073754888, 0.010358211597582212]",0.0,"[0.0, 0.0]",0.0007288901251740754,16.0,7.078261587967205e-13,9.401257550223363e-11,4.6839180868119e-05,-3.768491296796128e-09,3.5889806895283982e-06,5.701617563497186e-13,4.6839180868119e-05,1.0216952067362839e-13,1.7251282867503104e-14,-1.3877415767638013e-06,4.757470459249014e-13,8.393660766436994e-12,4.653634277929086e-08,0.0,0.0,64,0.006482601165771484,0.0018513551986065746,random
0.0,0.0,0.0,-0.29739123582839966,-0.2902551293373108,0.0,True,0.0,"[0.0, 0.0]",0.007136107422411442,"[-0.01154303235055636, 0.02679774647434775]",0.0,"[0.0, 0.0]",0.0062387436628341675,0.5,9.97989885176409e-12,-1.0487863910668693e-09,-9.735784260556102e-05,-3.02667785945232e-07,-2.3202921511256136e-05,1.6648288650444876e-11,2.2448855274692647e-11,9.602032710609443e-13,9.983272888924866e-12,-2.0584408048307523e-05,2.2448855274692647e-11,1.7034970656304438e-11,-4.3449750819490873e-07,0.0,0.0,64,0.006169229745864868,0.016016618964682205,caa
0.0,0.078125,0.0,-0.29739123582839966,-0.1629498451948166,0.0,True,0.078125,"[0.015625, 0.15625]",0.13444140553474426,"[0.07815276896355243, 0.19891708733075927]",0.078125,"[0.015625, 0.15625]",0.01736930012702942,1.0,1.410841887761194e-09,7.098460486076874e-08,-0.00014795470633544028,-3.3491949125163956e-07,-2.6901923774858005e-05,7.267205726080306e-10,1.4025386917637661e-05,9.1115830158639e-13,1.0417506440818514e-10,-2.985159335366916e-05,5.1775579379409464e-08,6.865259649657673e-08,1.4025386917637661e-05,0.0,0.078125,64,0.009272485971450806,0.048512293977045706,caa
0.0,1.0,0.0,-0.29739123582839966,0.616002082824707,0.0,True,1.0,"[1.0, 1.0]",0.9133933782577515,"[0.8551693283719942, 0.9723226188682019]",1.0,"[1.0, 1.0]",0.03298275172710419,1.5,3.5763239591979357e-11,2.680986765923876e-09,-0.0005943166324868798,-4.170855731899792e-07,-2.764076089079026e-05,8.76160463625375e-11,2.99447089346927e-09,-5.144253621171269e-13,-1.2171214557044063e-12,-3.1044801289681345e-05,7.672026208771499e-11,2.99447089346927e-09,-9.676480203779647e-07,0.0,1.0,64,0.013290166854858398,0.10164620086105591,caa
0.0,1.0,0.0,-0.29739123582839966,0.5767475366592407,0.0,True,1.0,"[1.0, 1.0]",0.8741388320922852,"[0.813251222576946, 0.9336628087155986]",1.0,"[1.0, 1.0]",0.047172293066978455,2.0,3.291803052363207e-09,3.223684075237543e-08,-0.000594490033108741,-3.283054468283808e-07,-2.761505493253935e-05,2.3634646323378306e-11,7.668564649065956e-06,-3.210227493988943e-13,-6.817894773053501e-13,-3.101285983575508e-05,8.721947053480505e-10,4.7087116428201625e-09,7.668564649065956e-06,0.0,1.0,64,0.008328378200531006,0.19915254899482138,caa
0.0,0.984375,0.0,-0.29739123582839966,0.3914751708507538,0.048153236508369446,False,0.984375,"[0.953125, 1.0]",0.6888664364814758,"[0.6089929559122538, 0.76608545773488]",0.984375,"[0.953125, 1.0]",0.1760343611240387,3.0,2.554300770896134e-09,8.510468063605003e-08,-0.0005945193697698414,-2.8966735499125207e-07,-2.7595333449426107e-05,1.18881545232985e-11,2.3442380552296527e-06,1.6586612725660865e-13,4.780347558769327e-12,-3.096421278314665e-05,4.2371905983884517e-10,8.271254792191485e-09,2.3442380552296527e-06,0.0,0.984375,64,-0.0031437277793884277,0.5468828830746126,caa
0.0,0.0,0.0,-0.29739123582839966,-0.28479301929473877,0.0,True,0.0,"[0.0, 0.0]",0.012598223984241486,"[-0.007612079518492365, 0.03521551283271158]",0.0,"[0.0, 0.0]",0.03804992511868477,2.0,2.4508763074582163e-12,1.1095302454577904e-10,0.003352814819663763,4.462498282009619e-08,8.513428838341497e-06,6.359025285507247e-12,0.003352814819663763,1.4267509699725234e-13,7.232183601990627e-13,4.0418577555101365e-05,1.4256573352411372e-12,3.438294093882632e-11,2.9326349704206223e-07,0.0,0.0,64,-0.0003280043601989746,0.03843572027822306,outside_window
0.0,0.0,0.0,-0.29739123582839966,-0.2761140465736389,0.0,True,0.0,"[0.0, 0.0]",0.021277179941534996,"[-0.00938425465324748, 0.05233629204974724]",0.0,"[0.0, 0.0]",0.12137605249881744,4.0,1.7617629577415528e-10,9.073942486281794e-09,0.003601868636906147,-7.856783668103162e-09,4.118569631827995e-05,5.618922216399369e-09,0.003601868636906147,1.3393215703150219e-10,6.998825824444665e-11,0.0007680095732212067,5.75430592064663e-10,1.4877510334798671e-09,3.7234735827951226e-06,0.0,0.0,64,0.001981586217880249,0.1433542022325236,outside_window
0.0,0.6875,0.0,-0.29739123582839966,0.04938013106584549,0.12681488692760468,False,0.6875,"[0.5625, 0.796875]",0.34677138924598694,"[0.2875550207950255, 0.40913616437550215]",0.6875,"[0.5625, 0.796875]",0.2546960115432739,6.0,1.3269559895334737e-09,8.580728376728075e-07,-0.000594185316003859,-1.4745609178135055e-07,-2.756171306828037e-05,7.199711313243817e-12,1.6893355905267526e-06,1.8251426845555807e-12,2.501409149258116e-11,-3.046492020075675e-05,1.6084704401730932e-10,1.6893355905267526e-06,1.0925737115030643e-07,0.0,0.6875,64,-0.05134612321853638,0.313397258308161,outside_window
0.0,0.15625,0.0,-0.29739123582839966,0.01178798545151949,0.5100880712270737,False,0.15625,"[0.078125, 0.25]",0.30917924642562866,"[0.2513363672677592, 0.37157587149102367]",0.15625,"[0.078125, 0.25]",0.6379691958427429,8.0,1.9975167353525336e-10,3.2184257481304712e-09,-0.0005944182048551738,-4.2598361460477463e-07,-2.763660995697137e-05,1.6813310726310204e-12,3.2184257481304712e-09,2.2571135498833383e-12,2.9171099130004263e-13,-3.076676875934936e-05,-1.0020047291892098e-11,2.029444168272221e-09,-9.283804729420808e-07,0.0,0.15625,64,-0.08455914258956909,0.8768256568637378,outside_window
0.0,0.0,0.0,-0.29739123582839966,3.2314574127667584e-06,0.9868399351835251,False,0.0,"[0.0, 0.0]",0.29739445447921753,"[0.24018258868693962, 0.3578722801633805]",0.0,"[0.0, 0.0]",1.1147210597991943,12.0,2.126578080297037e-11,-6.040601352452768e-10,-0.0005946182063780725,-4.286539478925988e-07,-2.763794873317238e-05,-2.6006299978093006e-12,3.40595052161774e-11,-3.661995294675091e-13,3.857413086866268e-12,-3.1026887882035226e-05,-1.376936585584243e-11,3.40595052161774e-11,-1.1001772008967237e-06,0.0,0.0,64,-0.10177427530288696,3.31493746064296,outside_window
0.0,0.0,0.0,-0.29739123582839966,2.8892321779494523e-07,1.585915967822075,False,0.0,"[0.0, 0.0]",0.29739153385162354,"[0.2401794040252188, 0.35787045877763574]",0.0,"[0.0, 0.0]",1.7137970924377441,16.0,-2.3614648431147245e-11,-2.509636498615464e-09,-0.0005946233286522329,-4.3108829572702234e-07,-2.764093915175181e-05,-3.5521227886164963e-12,5.712736707297328e-12,-5.214715378260015e-13,5.712736707297328e-12,-3.105197902186774e-05,-1.3980610939767768e-11,-1.0169052405695211e-10,-1.1518036444613244e-06,0.0,0.0,64,-0.059837281703948975,5.998972266700495,outside_window
