DEFAULT_base,DEFAULT_edit,beta,dM_base,dM_edit,excess,feasible,gain_DEFAULT,gain_DEFAULT_ci,gain_dM,gain_dM_ci,gain_lid,gain_lid_ci,kl_offdecision,lam,leak_ar,leak_bn,leak_de,leak_es,leak_fr,leak_hi,leak_max,leak_mr,leak_ne,leak_sw,leak_te,leak_ur,leak_zh,lid_base,lid_edit,n,util_nll,util_nll_all,variant
0.0,0.0,0.0,-0.29739123582839966,-0.24050043523311615,0.0,True,0.0,"[0.0, 0.0]",0.056890811771154404,"[0.03366869150038916, 0.08243520954271798]",0.0,"[0.0, 0.0]",0.04314807057380676,2.0,1.076575184555395e-08,4.58479654241728e-08,-0.0001399404718540609,-2.986547542604967e-07,-2.3038996005197987e-05,3.9792286132822596e-10,2.2320864445646293e-06,2.885382904826983e-12,1.584542393129329e-12,-6.667260095127858e-06,2.4474009485686565e-09,2.7313014072660735e-09,2.2320864445646293e-06,0.0,0.0,64,0.019059181213378906,0.015108768467237965,full
0.0,0.0,0.5,-0.29739123582839966,-0.1924632489681244,0.0,True,0.0,"[0.0, 0.0]",0.10492797940969467,"[0.04519772686757264, 0.16640644505477978]",0.0,"[0.0, 0.0]",0.04854017496109009,2.0,5.587191864719898e-08,7.841603633096383e-07,-0.0004313663812354207,-2.8548430464070407e-07,-1.832081761676818e-05,2.596208137362055e-09,0.006495214533060789,1.44870018758958e-11,2.2167339578521572e-12,0.006495214533060789,6.547612230178856e-08,2.2053049164583172e-08,4.5135993786971085e-06,0.0,0.0,64,0.01824086904525757,0.01616376272962694,full
0.0,0.0,1.0,-0.29739123582839966,-0.16829326748847961,0.0,True,0.0,"[0.0, 0.0]",0.12909796833992004,"[0.07129086269299734, 0.19202927124364697]",0.0,"[0.0, 0.0]",0.051572900265455246,2.0,1.9927729510982317e-07,1.8897536619988387e-06,-0.0004452131106518209,-2.1729128718561697e-07,-1.0527110134717077e-05,1.1080767414739512e-08,0.0009862881852313876,8.966702380597269e-11,9.166540790306321e-12,0.0009862881852313876,4.252819394423568e-07,1.5668668140733644e-07,1.798160701582674e-05,0.0,0.0,64,0.01699650287628174,0.01627379670797935,full
0.0,0.0,0.0,-0.29739123582839966,-0.2222825288772583,0.000805877149105072,False,0.0,"[0.0, 0.0]",0.07510870695114136,"[0.03903554092587882, 0.11069780675697309]",0.0,"[0.0, 0.0]",0.11408074200153351,4.0,0.00014394446043297648,2.1026012291258667e-06,0.002760517643764615,4.258255103195552e-06,-2.665344436536543e-05,1.551276884725894e-09,0.002760517643764615,1.0883173702513904e-11,3.4866454341753172e-12,-2.52115678449627e-05,4.909739345748676e-06,9.333567874136861e-08,0.0002609098155517131,0.0,0.0,64,0.04901963472366333,0.06291787416629768,full
0.0,0.0,0.5,-0.29739123582839966,-0.11204385757446289,0.005866602063179016,False,0.0,"[0.0, 0.0]",0.18534737825393677,"[0.12728136052107003, 0.24770118351141546]",0.0,"[0.0, 0.0]",0.11914146691560745,4.0,6.2010758483665995e-06,9.504524314252194e-06,-0.0005339180352166295,8.160111974575557e-06,-1.5473684470634907e-05,6.54662457577615e-09,0.0012743177358061075,3.164155049084627e-10,2.3794227005380364e-11,0.0009340071119368076,1.6479924624945852e-06,5.560504519053211e-07,0.0012743177358061075,0.0,0.0,64,0.04919639229774475,0.06443389969172975,full
0.0,0.0,1.0,-0.29739123582839966,-0.0956968367099762,0.009172938764095306,False,0.0,"[0.0, 0.0]",0.20169439911842346,"[0.14361091953998653, 0.26430531357852943]",0.0,"[0.0, 0.0]",0.12244780361652374,4.0,1.4814733731327578e-05,1.6498866898473352e-05,-0.0004763384931720793,2.040742037934251e-05,1.9613471522461623e-06,2.104197260877072e-09,0.0019119856879115105,2.705220214505033e-10,2.4335120724083836e-11,0.001560352393426001,5.1145693760190625e-06,8.730119702704542e-07,0.0019119856879115105,0.0,0.0,64,0.04837393760681152,0.06403773469538532,full
0.0,0.0,0.0,-0.29739123582839966,-0.1299668401479721,0.0891190692782402,False,0.0,"[0.0, 0.0]",0.16742438077926636,"[0.12096945679483043, 0.21375331406455864]",0.0,"[0.0, 0.0]",0.20239393413066864,6.0,3.9908110920805484e-05,4.6782579374848865e-06,0.0015611688140779734,9.464022150496021e-05,3.7296042137313634e-05,2.7306725769449258e-08,0.007936086505651474,1.0969247732361964e-10,3.2435141378295285e-11,5.869814776815474e-05,1.7884725593830808e-06,1.096828327717958e-06,0.007936086505651474,0.0,0.0,64,0.07468199729919434,0.11816338408843885,full
0.0,0.09375,0.5,-0.29739123582839966,0.034669727087020874,0.09055609256029129,False,0.09375,"[0.03125, 0.171875]",0.3320609927177429,"[0.26332300887156634, 0.4037332034856262]",0.09375,"[0.03125, 0.171875]",0.20383095741271973,6.0,0.00018936896231025457,1.711219192657154e-05,-0.00031510074040852487,0.00018979402375407517,0.00011342031211825088,1.4062797148994832e-08,0.016871578991413116,3.620486133115719e-10,1.3052627034770836e-10,0.007936636917293072,9.036342817125842e-06,3.448640882197651e-06,0.016871578991413116,0.0,0.09375,64,0.06936115026473999,0.11760059793006539,full
0.0,0.1875,1.0,-0.29739123582839966,0.11585447937250137,0.09827198833227158,False,0.1875,"[0.10898437500000002, 0.28125]",0.4132457375526428,"[0.3310219462891837, 0.4948227465058152]",0.21875,"[0.125, 0.328125]",0.2115468531847,6.0,0.00019505115051288158,1.59378851094516e-05,0.0007281468133442104,0.00015595200238749385,0.00011541946878423914,7.519874167805085e-10,0.013163992203772068,5.818789339251396e-10,8.540446821969638e-11,0.007370733190327883,1.0895621926465537e-05,3.227547267670161e-06,0.013163992203772068,0.0,0.21875,64,0.07006767392158508,0.11801293264712509,full
0.0,0.140625,0.0,-0.29739123582839966,0.06285269558429718,0.1943635419011116,False,0.140625,"[0.0625, 0.234375]",0.36024391651153564,"[0.2922372976831184, 0.4327620546839851]",0.140625,"[0.0625, 0.234375]",0.2964125871658325,8.0,0.00017789879348129034,1.0072893928736448e-05,0.00038078997749835253,0.00028093409491702914,5.2433679229579866e-05,1.6467048169488407e-08,0.021226391196250916,1.3762509187831284e-10,9.609836537638472e-11,0.0002207831130363047,4.183045348327141e-06,2.185503262808197e-06,0.021226391196250916,0.0,0.140625,64,0.0938323438167572,0.16534488386644508,full
0.0,0.640625,0.5,-0.29739123582839966,0.42959702014923096,0.20034108310937881,False,0.640625,"[0.515625, 0.7503906249999979]",0.7269882559776306,"[0.6341380306639621, 0.8262985423731152]",0.640625,"[0.515625, 0.7503906249999979]",0.30490368604660034,8.0,7.159051892813295e-05,9.974910426535644e-06,-0.00018045530305244029,0.00037291517946869135,0.00010947010741801932,3.5613866022909946e-11,0.024307146668434143,1.6131454505519116e-10,3.900434142334319e-11,0.0003962497867178172,3.5334546737431083e-06,2.279432692375849e-06,0.024307146668434143,0.0,0.640625,64,0.09131878614425659,0.16394833537061038,full
0.0,0.96875,1.0,-0.29739123582839966,0.6241539120674133,0.2014051154255867,False,0.96875,"[0.921875, 1.0]",0.9215452075004578,"[0.8545090196508681, 0.9924902970335097]",0.96875,"[0.921875, 1.0]",0.3079833686351776,8.0,6.298356311162934e-05,3.761798780033132e-06,-0.0002633972035255283,0.0003532925620675087,0.00010504815872991458,1.1549215576944771e-11,0.025051219388842583,5.3504919245161986e-11,4.362547215835955e-12,0.00033735751640051603,2.6624231850291835e-06,8.654200769342424e-07,0.025051219388842583,0.0,0.96875,64,0.08930313587188721,0.16433179656336838,full
0.0,0.953125,0.0,-0.29739123582839966,0.4572308659553528,0.4333154037594795,False,0.953125,"[0.890625, 1.0]",0.7546221017837524,"[0.6913028050912544, 0.8230522193363867]",0.953125,"[0.890625, 1.0]",0.4904622733592987,12.0,4.644748696591705e-05,3.225327418476809e-06,-0.0001629285397939384,0.00039443676359951496,9.745700663188472e-05,1.4927278163545665e-11,0.033100925385951996,1.291069941927736e-11,2.574488192075286e-11,0.0003284317208454013,1.6387682535423664e-06,7.561168899883342e-07,0.033100925385951996,0.0,0.953125,64,0.13873451948165894,0.24499663267139038,full
0.0,1.0,0.5,-0.29739123582839966,0.5221133828163147,0.43671897798776627,False,1.0,"[1.0, 1.0]",0.8195046186447144,"[0.7524125771014951, 0.8903709952370263]",1.0,"[1.0, 1.0]",0.49303996562957764,12.0,4.5705972297582775e-05,9.047880098478345e-07,-0.00041342031909152865,0.0003137093153782189,0.00012674895697273314,4.2479539850981407e-13,0.029534153640270233,1.0014242039779742e-11,1.0298335101355249e-10,0.0003648934653028846,8.559986213185766e-07,6.328677386591153e-07,0.029534153640270233,0.0,1.0,64,0.13956040143966675,0.24531946356641043,full
0.0,1.0,1.0,-0.29739123582839966,0.5348175764083862,0.44150615483522415,False,1.0,"[1.0, 1.0]",0.8322088718414307,"[0.7644103409373202, 0.9006702866638079]",1.0,"[1.0, 1.0]",0.4967702031135559,12.0,4.197570524411276e-05,6.30240720056463e-07,-0.00044041493674740195,0.0003079776361119002,0.00012870668433606625,-5.730093049355345e-13,0.029248451814055443,7.156232204041935e-12,6.670160257460367e-11,0.0003599580959416926,7.131690722417261e-07,5.638817697217746e-07,0.029248451814055443,0.0,1.0,64,0.14061734080314636,0.24584222344268225,full
0.0,0.703125,0.0,-0.29739123582839966,0.4782699942588806,0.6395169273018837,False,0.703125,"[0.59375, 0.8125]",0.7756612300872803,"[0.7179581328644418, 0.8360942436032929]",0.703125,"[0.59375, 0.8125]",0.6551731824874878,16.0,4.644464934244752e-05,9.395848223903158e-07,-0.0004174967180006206,0.00029674061806872487,0.0002542678848840296,1.9231722117596384e-11,0.04010825976729393,3.73311763446349e-11,7.282352498805267e-10,0.0003025203477591276,1.4600034319300903e-06,9.036328378897451e-07,0.04010825976729393,0.0,0.703125,64,0.18022513389587402,0.38047624207090047,full
0.0,0.25,0.5,-0.29739123582839966,0.4589822292327881,0.629515178501606,False,0.25,"[0.140625, 0.359375]",0.7563734650611877,"[0.697710083227139, 0.8183366050594486]",0.25,"[0.140625, 0.359375]",0.6452575325965881,16.0,5.314796726452187e-05,9.315867259829247e-07,-0.0004133837064728141,0.0003050622181035578,0.00042530428618192673,2.8611326849392604e-11,0.04073254019021988,7.761666309669124e-11,1.4005883119949658e-09,0.0003960316244047135,1.9802048427663976e-06,1.1266563433309784e-06,0.04073254019021988,0.0,0.25,64,0.18013903498649597,0.38163447662167505,full
0.0,0.328125,1.0,-0.29739123582839966,0.46302175521850586,0.6370255127549171,False,0.328125,"[0.21875, 0.453125]",0.7604130506515503,"[0.7020366153214127, 0.8217150975950062]",0.328125,"[0.21875, 0.453125]",0.649243175983429,16.0,5.252067785477266e-05,8.74163674779993e-07,-0.0004136034403927624,0.0003197651240043342,0.00044098487705923617,2.272294331862046e-11,0.04170991852879524,7.271799135066814e-11,1.2414580474739978e-09,0.0004109950677957386,1.9284066183899995e-06,1.0436602906338521e-06,0.04170991852879524,0.0,0.328125,64,0.1836637258529663,0.3821332513666271,full
0.0,0.0,0.0,-0.29739123582839966,-0.24050043523311615,0.0,True,0.0,"[0.0, 0.0]",0.056890811771154404,"[0.03366869150038916, 0.08243520954271798]",0.0,"[0.0, 0.0]",0.04314807057380676,2.0,1.076575184555395e-08,4.58479654241728e-08,-0.0001399404718540609,-2.986547542604967e-07,-2.3038996005197987e-05,3.9792286132822596e-10,2.2320864445646293e-06,2.885382904826983e-12,1.584542393129329e-12,-6.667260095127858e-06,2.4474009485686565e-09,2.7313014072660735e-09,2.2320864445646293e-06,0.0,0.0,64,0.019059181213378906,0.015108768467237965,pos_only
0.0,0.0,0.0,-0.29739123582839966,-0.2222825288772583,0.000805877149105072,False,0.0,"[0.0, 0.0]",0.07510870695114136,"[0.03903554092587882, 0.11069780675697309]",0.0,"[0.0, 0.0]",0.11408074200153351,4.0,0.00014394446043297648,2.1026012291258667e-06,0.002760517643764615,4.258255103195552e-06,-2.665344436536543e-05,1.551276884725894e-09,0.002760517643764615,1.0883173702513904e-11,3.4866454341753172e-12,-2.52115678449627e-05,4.909739345748676e-06,9.333567874136861e-08,0.0002609098155517131,0.0,0.0,64,0.04901963472366333,0.06291787416629768,pos_only
0.0,0.0,0.0,-0.29739123582839966,-0.1299668401479721,0.0891190692782402,False,0.0,"[0.0, 0.0]",0.16742438077926636,"[0.12096945679483043, 0.21375331406455864]",0.0,"[0.0, 0.0]",0.20239393413066864,6.0,3.9908110920805484e-05,4.6782579374848865e-06,0.0015611688140779734,9.464022150496021e-05,3.7296042137313634e-05,2.7306725769449258e-08,0.007936086505651474,1.0969247732361964e-10,3.2435141378295285e-11,5.869814776815474e-05,1.7884725593830808e-06,1.096828327717958e-06,0.007936086505651474,0.0,0.0,64,0.07468199729919434,0.11816338408843885,pos_only
0.0,0.140625,0.0,-0.29739123582839966,0.06285269558429718,0.1943635419011116,False,0.140625,"[0.0625, 0.234375]",0.36024391651153564,"[0.2922372976831184, 0.4327620546839851]",0.140625,"[0.0625, 0.234375]",0.2964125871658325,8.0,0.00017789879348129034,1.0072893928736448e-05,0.00038078997749835253,0.00028093409491702914,5.2433679229579866e-05,1.6467048169488407e-08,0.021226391196250916,1.3762509187831284e-10,9.609836537638472e-11,0.0002207831130363047,4.183045348327141e-06,2.185503262808197e-06,0.021226391196250916,0.0,0.140625,64,0.0938323438167572,0.16534488386644508,pos_only
0.0,0.953125,0.0,-0.29739123582839966,0.4572308659553528,0.4333154037594795,False,0.953125,"[0.890625, 1.0]",0.7546221017837524,"[0.6913028050912544, 0.8230522193363867]",0.953125,"[0.890625, 1.0]",0.4904622733592987,12.0,4.644748696591705e-05,3.225327418476809e-06,-0.0001629285397939384,0.00039443676359951496,9.745700663188472e-05,1.4927278163545665e-11,0.033100925385951996,1.291069941927736e-11,2.574488192075286e-11,0.0003284317208454013,1.6387682535423664e-06,7.561168899883342e-07,0.033100925385951996,0.0,0.953125,64,0.13873451948165894,0.24499663267139038,pos_only
0.0,0.703125,0.0,-0.29739123582839966,0.4782699942588806,0.6395169273018837,False,0.703125,"[0.59375, 0.8125]",0.7756612300872803,"[0.7179581328644418, 0.8360942436032929]",0.703125,"[0.59375, 0.8125]",0.6551731824874878,16.0,4.644464934244752e-05,9.395848223903158e-07,-0.0004174967180006206,0.00029674061806872487,0.0002542678848840296,1.9231722117596384e-11,0.04010825976729393,3.73311763446349e-11,7.282352498805267e-10,0.0003025203477591276,1.4600034319300903e-06,9.036328378897451e-07,0.04010825976729393,0.0,0.703125,64,0.18022513389587402,0.38047624207090047,pos_only
0.0,0.0,0.0,-0.29739123582839966,-0.29739123582839966,0.0,True,0.0,"[0.0, 0.0]",0.0,"[0.0, 0.0]",0.0,"[0.0, 0.0]",0.0,1.0,0.0,0.0,0.0,0.0,0.0,0.0,0.0,0.0,0.0,0.0,0.0,0.0,0.0,0.0,0.0,64,0.0,0.0,neg_only
0.0,0.0,0.5,-0.29739123582839966,-0.21626624464988708,0.0,True,0.0,"[0.0, 0.0]",0.08112500607967377,"[0.027460704326107078, 0.13886323725989233]",0.0,"[0.0, 0.0]",0.0037495011929422617,1.0,7.694760384424626e-09,1.1411242784031828e-10,-0.0001188466849271208,3.087923801103898e-07,4.879214975517243e-05,9.190294358862872e-12,0.007124944124370813,5.530430280398235e-12,8.089527311905265e-12,0.007124944124370813,3.109699650560849e-11,3.989987784613902e-10,-5.585772555605217e-07,0.0,0.0,64,-0.002586185932159424,-9.683230821710964e-05,neg_only
0.0,0.0,1.0,-0.29739123582839966,-0.21109747886657715,0.0,True,0.0,"[0.0, 0.0]",0.0862937867641449,"[0.027352221815490907, 0.1498119569457756]",0.0,"[0.0, 0.0]",0.005565999541431665,1.0,1.313066917418837e-07,4.129625086335409e-09,0.0001935195759870112,6.624890147577389e-07,7.247710891533643e-05,5.310963821503201e-11,0.001595788518898189,5.128415053734514e-11,2.146793437463046e-10,0.001595788518898189,7.108112431986058e-10,1.0336443700964537e-08,1.2233275583639625e-06,0.0,0.0,64,-0.0008351504802703857,-0.00029676128946887204,neg_only
0.0,0.0,1.0,-0.29739123582839966,-0.16829326748847961,0.0,True,0.0,"[0.0, 0.0]",0.12909796833992004,"[0.07129086269299734, 0.19202927124364697]",0.0,"[0.0, 0.0]",0.051572900265455246,2.0,1.9927729510982317e-07,1.8897536619988387e-06,-0.0004452131106518209,-2.1729128718561697e-07,-1.0527110134717077e-05,1.1080767414739512e-08,0.0009862881852313876,8.966702380597269e-11,9.166540790306321e-12,0.0009862881852313876,4.252819394423568e-07,1.5668668140733644e-07,1.798160701582674e-05,0.0,0.0,64,0.01699650287628174,0.01627379670797935,sparse_only
0.0,0.0,1.0,-0.29739123582839966,-0.0956968367099762,0.009172938764095306,False,0.0,"[0.0, 0.0]",0.20169439911842346,"[0.14361091953998653, 0.26430531357852943]",0.0,"[0.0, 0.0]",0.12244780361652374,4.0,1.4814733731327578e-05,1.6498866898473352e-05,-0.0004763384931720793,2.040742037934251e-05,1.9613471522461623e-06,2.104197260877072e-09,0.0019119856879115105,2.705220214505033e-10,2.4335120724083836e-11,0.001560352393426001,5.1145693760190625e-06,8.730119702704542e-07,0.0019119856879115105,0.0,0.0,64,0.04837393760681152,0.06403773469538532,sparse_only
0.0,0.1875,1.0,-0.29739123582839966,0.11585447937250137,0.09827198833227158,False,0.1875,"[0.10898437500000002, 0.28125]",0.4132457375526428,"[0.3310219462891837, 0.4948227465058152]",0.21875,"[0.125, 0.328125]",0.2115468531847,6.0,0.00019505115051288158,1.59378851094516e-05,0.0007281468133442104,0.00015595200238749385,0.00011541946878423914,7.519874167805085e-10,0.013163992203772068,5.818789339251396e-10,8.540446821969638e-11,0.007370733190327883,1.0895621926465537e-05,3.227547267670161e-06,0.013163992203772068,0.0,0.21875,64,0.07006767392158508,0.11801293264712509,sparse_only
0.0,0.96875,1.0,-0.29739123582839966,0.6241539120674133,0.2014051154255867,False,0.96875,"[0.921875, 1.0]",0.9215452075004578,"[0.8545090196508681, 0.9924902970335097]",0.96875,"[0.921875, 1.0]",0.3079833686351776,8.0,6.298356311162934e-05,3.761798780033132e-06,-0.0002633972035255283,0.0003532925620675087,0.00010504815872991458,1.1549215576944771e-11,0.025051219388842583,5.3504919245161986e-11,4.362547215835955e-12,0.00033735751640051603,2.6624231850291835e-06,8.654200769342424e-07,0.025051219388842583,0.0,0.96875,64,0.08930313587188721,0.16433179656336838,sparse_only
0.0,1.0,1.0,-0.29739123582839966,0.5348175764083862,0.44150615483522415,False,1.0,"[1.0, 1.0]",0.8322088718414307,"[0.7644103409373202, 0.9006702866638079]",1.0,"[1.0, 1.0]",0.4967702031135559,12.0,4.197570524411276e-05,6.30240720056463e-07,-0.00044041493674740195,0.0003079776361119002,0.00012870668433606625,-5.730093049355345e-13,0.029248451814055443,7.156232204041935e-12,6.670160257460367e-11,0.0003599580959416926,7.131690722417261e-07,5.638817697217746e-07,0.029248451814055443,0.0,1.0,64,0.14061734080314636,0.24584222344268225,sparse_only
0.0,0.328125,1.0,-0.29739123582839966,0.46302175521850586,0.6370255127549171,False,0.328125,"[0.21875, 0.453125]",0.7604130506515503,"[0.7020366153214127, 0.8217150975950062]",0.328125,"[0.21875, 0.453125]",0.649243175983429,16.0,5.252067785477266e-05,8.74163674779993e-07,-0.0004136034403927624,0.0003197651240043342,0.00044098487705923617,2.272294331862046e-11,0.04170991852879524,7.271799135066814e-11,1.2414580474739978e-09,0.0004109950677957386,1.9284066183899995e-06,1.0436602906338521e-06,0.04170991852879524,0.0,0.328125,64,0.1836637258529663,0.3821332513666271,sparse_only
0.0,0.0,1.0,-0.29739123582839966,-0.2889803647994995,0.0,True,0.0,"[0.0, 0.0]",0.008410883136093616,"[-0.0010976274094279149, 0.021279257418747116]",0.0,"[0.0, 0.0]",0.0010765360202640295,2.0,2.2067236926659461e-10,1.3194695336338214e-11,-8.388079004362226e-05,2.967790919683466e-07,-1.2124251952627674e-05,-2.9229526785079507e-13,2.967790919683466e-07,4.402644156360769e-13,1.386977555375979e-13,-9.680721632321365e-06,1.624331745497809e-12,1.8007456636937036e-11,1.9565845832403284e-07,0.0,0.0,64,-0.0012148022651672363,-0.0014676298878022465,random
0.0,0.0,1.0,-0.29739123582839966,-0.2888116240501404,0.0,True,0.0,"[0.0, 0.0]",0.008579607121646404,"[-0.0007332050562407487, 0.02109807956175089]",0.0,"[0.0, 0.0]",0.0011398845817893744,4.0,3.634397227614272e-10,2.661237896717239e-11,-8.351379074156284e-05,2.9729773132203263e-07,-1.0294603271177039e-05,-8.597072706506559e-14,2.9729773132203263e-07,4.901337040223719e-13,2.156495468308428e-13,-9.696952474769205e-06,2.3932479262245288e-12,2.623989914241065e-11,2.5830718186625745e-07,0.0,0.0,64,0.002836674451828003,-0.00103222917766721,random
0.0,0.0,1.0,-0.29739123582839966,-0.28863435983657837,0.0,True,0.0,"[0.0, 0.0]",0.008756916038691998,"[-0.0006958412718631734, 0.021642350254554178]",0.0,"[0.0, 0.0]",0.0010896142339333892,6.0,5.007989578587058e-10,3.8330741358727494e-11,-0.00013505862443707883,2.805680310302705e-07,-1.2111933756386861e-05,3.3910439560524974e-13,2.805680310302705e-07,5.226132569237374e-13,3.2663238433428e-13,-7.150962119339965e-06,3.391210055825322e-12,3.580906404732076e-11,2.559670519985957e-07,0.0,0.0,64,0.0004945993423461914,-0.0011385428345558335,random
0.0,0.0,1.0,-0.29739123582839966,-0.29200202226638794,0.0,True,0.0,"[0.0, 0.0]",0.005389210768043995,"[-0.001401874479127585, 0.014078621515445634]",0.0,"[0.0, 0.0]",0.0012726928107440472,8.0,5.981262152232603e-10,4.9520179623563365e-11,-0.00013617074000649154,1.306553372160124e-07,-1.0290717909811065e-05,7.014187407977657e-13,2.5590043151169084e-07,5.370037639389202e-13,2.6065954950027503e-13,-7.580356395919807e-06,3.3161034682094304e-12,3.74454633966792e-11,2.5590043151169084e-07,0.0,0.0,64,-0.0004309415817260742,-0.0008367536400502029,random
0.0,0.0,1.0,-0.29739123582839966,-0.29078787565231323,0.0,True,0.0,"[0.0, 0.0]",0.006603346671909094,"[-0.0003866335288662981, 0.015338039775531338]",0.0,"[0.0, 0.0]",0.0016986292321234941,12.0,6.718938738714542e-10,6.015703213346768e-11,-0.00013355552800931036,1.0244735904052504e-07,-1.2244441677466966e-05,1.1354552281045427e-12,7.477618055418134e-06,5.043442334769221e-13,2.64382591340373e-13,7.477618055418134e-06,4.51554505592755e-12,4.198971725877243e-11,2.805434178299038e-07,0.0,0.0,64,0.0010232329368591309,-0.0009991360975876162,random
0.0,0.0,1.0,-0.29739123582839966,-0.2905734181404114,0.0,True,0.0,"[0.0, 0.0]",0.006817818619310856,"[-0.0018707183701231144, 0.01658463681105573]",0.0,"[0.0, 0.0]",0.001974778948351741,16.0,7.959066739005038e-10,7.128418688662208e-11,-0.00016998467617668211,1.0342068890167866e-07,-1.2113607226638123e-05,1.4817151412077623e-12,3.6126839404460043e-06,5.155471861049976e-13,2.4158713224364803e-13,3.6126839404460043e-06,5.721873495845298e-12,4.940177433798709e-11,4.875078047916759e-07,0.0,0.0,64,0.002151191234588623,-0.0011532422076336868,random
0.0,0.0,0.0,-0.29739123582839966,-0.2815863788127899,0.0,True,0.0,"[0.0, 0.0]",0.015804855152964592,"[-0.0009017685154390164, 0.03336066376370432]",0.0,"[0.0, 0.0]",0.03633648529648781,0.5,1.5294762789608285e-08,1.1173391989416359e-08,-0.00011824638932012022,-4.0055823546936153e-08,-2.639855483721476e-05,3.6198757880079313e-10,2.6781071937875822e-06,4.756271331646245e-12,5.419154274627358e-12,-1.852809509728104e-05,7.964927051240522e-10,5.250486267982524e-09,2.6781071937875822e-06,0.0,0.0,64,-0.0031739473342895508,0.004965809862773396,caa
0.0,0.0,0.0,-0.29739123582839966,-0.22604532539844513,0.0,True,0.0,"[0.0, 0.0]",0.07134591788053513,"[0.032591902154363694, 0.10811518636161814]",0.0,"[0.0, 0.0]",0.09427338093519211,1.0,9.276494893128984e-06,1.0508112609386444e-05,-0.00037586322287097573,2.0746349491673755e-06,-2.5257322704419494e-05,9.97176008432632e-10,0.000330248469254002,3.307181611900134e-11,8.979411832144013e-12,-2.3536262233392335e-05,1.9280346350569744e-06,1.4853371794742998e-06,0.000330248469254002,0.0,0.0,64,0.007785439491271973,0.03390237856783185,caa
0.0,1.0,0.0,-0.29739123582839966,0.828240156173706,0.03777233511209488,False,1.0,"[1.0, 1.0]",1.125631332397461,"[1.0542256762855686, 1.2005586403538473]",1.0,"[1.0, 1.0]",0.15104719996452332,1.5,5.4613636166322976e-05,2.1039712009951472e-05,-0.0003627968835644424,0.0002100761339534074,1.5087049177964218e-05,7.635785233273129e-12,0.003486472647637129,3.2944927168265803e-12,-1.0606912483751563e-13,7.966784323798493e-05,9.212495228894113e-07,8.254850740740949e-07,0.003486472647637129,0.0,1.0,64,0.005817055702209473,0.0789396573925325,caa
0.0,1.0,0.0,-0.29739123582839966,0.8647013306617737,0.09342098981142044,False,1.0,"[1.0, 1.0]",1.1620924472808838,"[1.0946332656312734, 1.23336362070404]",1.0,"[1.0, 1.0]",0.20669585466384888,2.0,5.764710658695549e-05,6.134160685178358e-06,-0.00018619748880155385,0.0001979650987777859,3.732796903932467e-05,2.5529470031038226e-13,0.004087796434760094,4.216846598466273e-13,-1.603101332237067e-14,0.00010217395902145654,6.162900945128058e-07,3.976620064349845e-07,0.004087796434760094,0.0,1.0,64,0.005000293254852295,0.13044920408755667,caa
0.0,1.0,0.0,-0.29739123582839966,0.8729383945465088,0.18093592673540115,False,1.0,"[1.0, 1.0]",1.1703296899795532,"[1.1117245041998103, 1.2316265966277569]",1.0,"[1.0, 1.0]",0.2942107915878296,3.0,7.526479021180421e-05,7.611072874169622e-07,-0.00022022906341589987,0.00021876144455745816,9.979410242522135e-05,5.069130878943007e-12,0.004530607722699642,5.826685163003165e-13,-7.258202285725934e-14,0.00016831546963658184,6.825872560511925e-07,7.822312113603402e-07,0.004530607722699642,0.0,1.0,64,0.017898619174957275,0.2282881273424895,caa
0.0,0.0,1.0,-0.29739123582839966,-0.2794544994831085,0.0,True,0.0,"[0.0, 0.0]",0.017936723306775093,"[-0.02128948223577218, 0.055846562239460634]",0.0,"[0.0, 0.0]",0.032175615429878235,2.0,0.0003128809912595898,9.14679912966676e-06,0.007995844818651676,5.1499933761078864e-05,4.67425343231298e-05,4.5264435755143495e-08,0.007995844818651676,1.1019066548101364e-08,2.2752633555001012e-08,0.0008613070240244269,4.957086048307247e-07,0.0015447906916961074,0.0011451099999248981,0.0,0.0,64,0.005584985017776489,0.11080425996941079,outside_window
0.0,0.0,1.0,-0.29739123582839966,-0.19610896706581116,0.0,True,0.0,"[0.0, 0.0]",0.1012822836637497,"[0.05758913977115974, 0.1448829424614356]",0.0,"[0.0, 0.0]",0.08575181663036346,4.0,0.00048766974941827357,4.207889787721797e-07,0.01078261248767376,3.0015051379450597e-05,1.078743844118435e-05,1.820116501960456e-08,0.01078261248767376,5.0694925590732964e-08,9.629103203678824e-08,0.000653333030641079,0.0022251491900533438,6.7600140027934685e-06,0.0020645339973270893,0.0,0.0,64,0.005400955677032471,0.1693681338731854,outside_window
0.0,0.03125,1.0,-0.29739123582839966,-0.10652098804712296,0.05069079250097275,False,0.03125,"[0.0, 0.078125]",0.1908702552318573,"[0.14099846526131188, 0.24333435486599625]",0.03125,"[0.0, 0.078125]",0.16396565735340118,6.0,0.0004523733223322779,0.0011640115408226848,0.0033338116481900215,7.626843580510467e-05,3.9816091884858906e-05,1.7926003010870772e-06,0.004527393262833357,2.4004583565329085e-07,3.8291457116201855e-08,0.002053102944046259,0.0005434257909655571,0.004117199685424566,0.004527393262833357,0.0,0.03125,64,0.008591294288635254,0.2492618964281763,outside_window
0.0,0.03125,1.0,-0.29739123582839966,0.015935847535729408,0.12978187948465347,False,0.03125,"[0.0, 0.078125]",0.3133270740509033,"[0.2518328066988261, 0.378186554614831]",0.03125,"[0.0, 0.078125]",0.2430567443370819,8.0,1.9873199562425725e-05,1.9568406059988774e-05,-0.0005648710066452622,2.383097671554424e-05,2.5350000214530155e-06,5.886941489841035e-10,0.0027697489131242037,1.2285955364177426e-08,1.3353142203076374e-10,0.00032809277763590217,1.3255630619823933e-05,2.2874121441418538e-06,0.0027697489131242037,0.0,0.03125,64,-0.008012324571609497,0.3987762229593903,outside_window
0.0,0.34375,1.0,-0.29739123582839966,0.24510301649570465,0.3596937134861946,False,0.34375,"[0.234375, 0.46875]",0.5424942374229431,"[0.46844359030292254, 0.6233293496254191]",0.34375,"[0.234375, 0.46875]",0.47296857833862305,12.0,2.0051500541740097e-05,3.141924480587477e-06,-0.0005539566627703607,0.0001031635983963497,3.565590304788202e-05,5.426822102805318e-09,0.0033322235103696585,2.8570523724624763e-10,1.4305048257057251e-09,1.4220848242985085e-05,1.943066126841586e-05,3.0926341878512176e-06,0.0033322235103696585,0.0,0.34375,64,0.02117055654525757,1.0219279207521632,outside_window
0.0,0.0,1.0,-0.29739123582839966,0.0012113933917135,0.7371848300099373,False,0.0,"[0.0, 0.0]",0.2986026406288147,"[0.24120451033121243, 0.35902338324925437]",0.0,"[0.0, 0.0]",0.8359355330467224,16.0,2.88769143708123e-07,5.49958656392846e-08,-0.0005933264619670808,2.518980636523338e-06,-2.6358498871559277e-05,4.5942052245839804e-11,7.096592162270099e-05,2.1323443011311838e-11,1.079546799176434e-10,-3.021207157871686e-05,1.4205156162461208e-07,6.734610735747992e-08,7.096592162270099e-05,0.0,0.0,64,0.097130686044693,2.072061988007172,outside_window
