DEFAULT_base,DEFAULT_edit,beta,dM_base,dM_edit,excess,feasible,gain_DEFAULT,gain_DEFAULT_ci,gain_dM,gain_dM_ci,gain_lid,gain_lid_ci,kl_offdecision,lam,leak_am,leak_ar,leak_bn,leak_es,leak_fr,leak_hi,leak_max,leak_mr,leak_ne,leak_sw,leak_te,leak_ur,leak_zh,lid_base,lid_edit,n,util_nll,util_nll_all,variant
0.0,0.015625,0.0,-0.29679661989212036,-0.15523174405097961,0.0,True,0.015625,"[0.0, 0.046875]",0.14156487584114075,"[0.1018810847647984, 0.1805799588838511]",0.015625,"[0.0, 0.046875]",0.0011886837892234325,2.0,1.055145693040771e-10,2.018837186312794e-08,1.9910715298721016e-09,3.3461566317782854e-07,0.00010982798266923055,2.913383770342115e-11,0.0010177288204431534,1.134272363534361e-12,2.4999442620188272e-12,0.0010177288204431534,1.272701805055121e-10,7.963428250157278e-10,6.9617890403606e-06,0.0,0.015625,64,0.0024141669273376465,0.06435750046978983,full
0.0,0.015625,0.5,-0.29679661989212036,-0.10509894788265228,0.0,True,0.015625,"[0.0, 0.046875]",0.19169768691062927,"[0.14273666303549107, 0.23948905671627185]",0.09375,"[0.03125, 0.171875]",0.0022575967013835907,2.0,8.423201580676221e-10,5.118685919569543e-08,2.3730684084455334e-09,8.374556728085736e-07,0.0001186818044516258,1.9421707297961888e-11,0.0010846012737601995,3.368111067825197e-10,2.606209345556998e-11,0.0010846012737601995,2.671651788688223e-10,1.812686334368152e-09,9.920122465700842e-06,0.0,0.09375,64,0.015654325485229492,0.1090403407825935,full
0.0,0.03125,1.0,-0.29679661989212036,-0.07080576568841934,0.0,True,0.03125,"[0.0, 0.078125]",0.22599086165428162,"[0.17341683994215346, 0.277864204318729]",0.125,"[0.046875, 0.203125]",0.0034340694546699524,2.0,3.2950620010296916e-10,2.9412872137868362e-08,1.5325988256265077e-09,1.6678046449669637e-05,8.682675252202898e-05,1.1306815726752628e-11,0.003475913777947426,1.2768174018074063e-10,1.4158139070852283e-11,0.003475913777947426,1.4440593165687687e-10,9.012516843931451e-10,8.39160056784749e-05,0.0,0.125,64,0.025471091270446777,0.1408620683142141,full
0.0,0.796875,0.0,-0.29679661989212036,0.3394380211830139,0.0,True,0.796875,"[0.703125, 0.890625]",0.6362346410751343,"[0.5600902710510127, 0.7165805905307934]",0.796875,"[0.703125, 0.890625]",0.002772732637822628,4.0,3.2679022154979975e-08,1.4079425909585552e-06,5.039647632543165e-08,0.00013614827184937894,0.0047778598964214325,1.441019925607634e-08,0.047850415110588074,1.3814711596893403e-09,2.0802990441382008e-09,0.047850415110588074,6.297906196550684e-08,1.581440045583804e-07,0.0003923053736798465,0.0,0.796875,64,0.002164602279663086,0.2370737928674349,full
0.0,0.8125,0.5,-0.29679661989212036,0.3347589075565338,0.0,True,0.8125,"[0.71875, 0.90625]",0.6315554976463318,"[0.5558125912266405, 0.7106138345319778]",0.8125,"[0.71875, 0.90625]",0.003383834380656481,4.0,2.444749114260958e-08,9.678583410277497e-07,4.211657866903806e-08,0.00013413454871624708,0.004832079634070396,1.2491216061505384e-08,0.04652635380625725,9.778531318005435e-10,2.0016570623226926e-09,0.04652635380625725,5.270219816111421e-08,1.1544317857214992e-07,0.000358144985511899,0.0,0.8125,64,0.012697279453277588,0.26741913772038295,full
0.0,0.796875,1.0,-0.29679661989212036,0.33638375997543335,0.0,True,0.796875,"[0.702734375, 0.890625]",0.6331803798675537,"[0.5510353847515944, 0.716466491378378]",0.796875,"[0.702734375, 0.890625]",0.004515812266618013,4.0,1.8318740302447623e-08,6.451974172705377e-07,3.483420485395072e-08,0.00013226336159277707,0.0051215654239058495,1.0999300137370938e-08,0.04544590041041374,7.383643141345431e-10,2.0417396662253395e-09,0.04544590041041374,4.2112603182431485e-08,9.95252733559937e-08,0.0001889504783321172,0.0,0.796875,64,0.01904529333114624,0.2930014264987033,full
0.0,0.90625,0.0,-0.29679661989212036,0.43825554847717285,0.0,True,0.90625,"[0.828125, 0.96875]",0.735052227973938,"[0.6521789982973132, 0.8199924964283125]",0.90625,"[0.828125, 0.96875]",0.003956206608563662,6.0,3.448334950917342e-08,1.1983589729425148e-06,6.228433591104476e-08,5.864724516868591e-05,0.0010109246941283345,4.063182679203692e-09,0.032542768865823746,3.4745730737029135e-09,6.095640436853955e-09,0.032542768865823746,4.8672795571746974e-08,1.0828356522551985e-07,0.000380097480956465,0.0,0.90625,64,0.0018337368965148926,0.6009053772779103,full
0.0,0.90625,0.5,-0.29679661989212036,0.43850177526474,0.0,True,0.90625,"[0.828125, 0.96875]",0.7352983951568604,"[0.6544464086153312, 0.8220605638576671]",0.90625,"[0.828125, 0.96875]",0.004909730516374111,6.0,2.2260572052346106e-08,8.279468488581188e-07,4.905895067963684e-08,5.6670956837479025e-05,0.0009705680422484875,3.094989153851202e-09,0.027142241597175598,1.8936425760784914e-09,5.071607578344128e-09,0.027142241597175598,3.5610554505183245e-08,8.990026145738739e-08,0.0003713348414748907,0.0,0.90625,64,0.009813010692596436,0.6164580655971168,full
0.0,0.875,1.0,-0.29679661989212036,0.4526700973510742,0.0,True,0.875,"[0.78125, 0.953125]",0.7494667172431946,"[0.6691619266872294, 0.8340647111821453]",0.875,"[0.78125, 0.953125]",0.006628289818763733,6.0,1.8959429581855147e-08,9.206698337038688e-07,4.0339827478419465e-08,5.529508780455217e-05,0.0008939626859501004,2.897284190339633e-09,0.027775434777140617,1.348717360016849e-09,4.703560652075112e-09,0.027775434777140617,2.9323206973685956e-08,8.823815988989736e-08,0.00036250054836273193,0.0,0.875,64,0.015064477920532227,0.6353396511652649,full
0.0,0.890625,0.0,-0.29679661989212036,0.5091404914855957,0.0,True,0.890625,"[0.8125, 0.953125]",0.8059371709823608,"[0.7259964174823835, 0.8938293514656833]",0.890625,"[0.8125, 0.953125]",0.006093304138630629,8.0,3.913227786256357e-08,1.149010927292693e-06,6.505932503841905e-08,2.5738683689269237e-05,0.0004948722780682147,6.226755555616137e-09,0.027654489502310753,2.0539165923594283e-09,1.5316452106617362e-08,0.027654489502310753,5.0444857180309555e-08,5.717027562468502e-08,0.0005053384811617434,0.0,0.890625,64,0.0030308961868286133,1.3012004276641718,full
0.0,0.921875,0.5,-0.29679661989212036,0.5087459683418274,0.0,True,0.921875,"[0.84375, 0.984375]",0.8055425882339478,"[0.7296546033699997, 0.8874356675660238]",0.921875,"[0.84375, 0.984375]",0.006833621300756931,8.0,3.0837952635920374e-08,8.175603056770342e-07,5.337784969583481e-08,4.380715836305171e-05,0.0004967015120200813,3.971275308600752e-09,0.02812466025352478,9.789021815365118e-10,1.811076799640432e-08,0.02812466025352478,3.766797362914076e-08,4.8879496006293266e-08,0.000633963500149548,0.0,0.921875,64,0.011553704738616943,1.3028824173525413,full
0.0,0.90625,1.0,-0.29679661989212036,0.48387008905410767,0.0,True,0.90625,"[0.828125, 0.96875]",0.780666708946228,"[0.7029958641040139, 0.8646039861254394]",0.90625,"[0.828125, 0.96875]",0.008053677156567574,8.0,3.0232580883193805e-08,7.176351459747821e-07,5.0491859582280085e-08,4.524266114458442e-05,0.0033432510681450367,3.3535192400790947e-09,0.02727580815553665,6.382137596183668e-10,1.9228924230674238e-08,0.02727580815553665,3.448967333952169e-08,4.105329054482354e-08,0.000634728348813951,0.0,0.90625,64,0.01496201753616333,1.3168917860650993,full
0.0,0.546875,0.0,-0.29679661989212036,0.5406453609466553,0.0,True,0.546875,"[0.421875, 0.671875]",0.8374419808387756,"[0.7654150494956411, 0.9093420350225642]",0.546875,"[0.421875, 0.671875]",0.010757943615317345,12.0,1.5030656186354463e-07,1.65115875461197e-06,6.012663789078943e-08,1.8647286196937785e-05,0.0003893022076226771,1.2767975121619202e-08,0.010799366980791092,1.8822303715637645e-09,4.067062064905258e-08,0.010799366980791092,1.7379306882503442e-07,6.600217972163591e-08,0.00023874753969721496,0.0,0.546875,64,0.0071149468421936035,3.275303179210792,full
0.0,0.59375,0.5,-0.29679661989212036,0.525239884853363,0.0,True,0.59375,"[0.46875, 0.71875]",0.8220365047454834,"[0.7502152107306757, 0.8938506063306704]",0.59375,"[0.46875, 0.71875]",0.011016901582479477,12.0,1.1545175482297054e-07,1.0820758689078502e-06,4.519786145351645e-08,1.5330220776377246e-05,0.00037775878445245326,8.205705448460776e-09,0.009756747633218765,8.883697111272681e-10,3.361506628607458e-08,0.009756747633218765,1.223999959165667e-07,4.355224447749606e-08,0.00018670105782803148,0.0,0.59375,64,0.014501988887786865,3.2660328688641416,full
0.0,0.578125,1.0,-0.29679661989212036,0.5238355398178101,0.0,True,0.578125,"[0.453125, 0.703125]",0.8206321597099304,"[0.7480600279639475, 0.8930689764558337]",0.578125,"[0.453125, 0.703125]",0.011942102573812008,12.0,1.0012848861151724e-07,8.289876518574602e-07,3.771734569113505e-08,1.341501047136262e-05,0.00034495058935135603,5.744981823596618e-09,0.008683469146490097,5.097998134750981e-10,3.0074211565533915e-08,0.008683469146490097,9.4165862662976e-08,3.424703010068697e-08,0.00015882407024037093,0.0,0.578125,64,0.017288684844970703,3.278027233836493,full
0.0,0.234375,0.0,-0.29679661989212036,0.5481976270675659,0.0,True,0.234375,"[0.140625, 0.34375]",0.8449941873550415,"[0.7822754076449201, 0.9101365389535203]",0.234375,"[0.140625, 0.34375]",0.014424992725253105,16.0,1.2381411806927645e-07,7.168104616539495e-07,1.6490123044832217e-08,8.693896234035492e-06,7.616064976900816e-05,5.517808432387028e-09,0.000930113485082984,5.848160289367854e-10,1.9485305813304876e-08,0.000930113485082984,1.7825153975081776e-07,2.545359123473645e-08,0.00016629612946417183,0.0,0.234375,64,0.014245152473449707,5.107417245457224,full
0.0,0.25,0.5,-0.29679661989212036,0.5428709387779236,0.0,True,0.25,"[0.140625, 0.359375]",0.839667558670044,"[0.7767107816063799, 0.9040077267913147]",0.25,"[0.140625, 0.359375]",0.014876351691782475,16.0,9.977647863479433e-08,5.522419996850658e-07,1.404470673094238e-08,7.87309545557946e-06,6.529576785396785e-05,3.6699883132484956e-09,0.0008222352480515838,3.844302653988052e-10,1.7180974865027565e-08,0.0008222352480515838,1.423741906592113e-07,1.9378232352096347e-08,0.00014019997615832835,0.0,0.25,64,0.01797562837600708,5.104111910197931,full
0.0,0.25,1.0,-0.29679661989212036,0.5379006266593933,0.0,True,0.25,"[0.140625, 0.359375]",0.8346972465515137,"[0.7722595083760098, 0.8991390073206275]",0.25,"[0.140625, 0.359375]",0.015962909907102585,16.0,8.773744042400722e-08,4.6615048177045537e-07,1.2917841907267302e-08,7.569331046397565e-06,6.092047260608524e-05,2.513042440810409e-09,0.0007340775337070227,2.923649933261885e-10,1.5780742046445084e-08,0.0007340775337070227,1.1483881223739445e-07,1.633074120377387e-08,0.00012905587209388614,0.0,0.25,64,0.020722925662994385,5.122957529820498,full
0.0,0.015625,0.0,-0.29679661989212036,-0.15523174405097961,0.0,True,0.015625,"[0.0, 0.046875]",0.14156487584114075,"[0.1018810847647984, 0.1805799588838511]",0.015625,"[0.0, 0.046875]",0.0011886837892234325,2.0,1.055145693040771e-10,2.018837186312794e-08,1.9910715298721016e-09,3.3461566317782854e-07,0.00010982798266923055,2.913383770342115e-11,0.0010177288204431534,1.134272363534361e-12,2.4999442620188272e-12,0.0010177288204431534,1.272701805055121e-10,7.963428250157278e-10,6.9617890403606e-06,0.0,0.015625,64,0.0024141669273376465,0.06435750046978983,pos_only
0.0,0.796875,0.0,-0.29679661989212036,0.3394380211830139,0.0,True,0.796875,"[0.703125, 0.890625]",0.6362346410751343,"[0.5600902710510127, 0.7165805905307934]",0.796875,"[0.703125, 0.890625]",0.002772732637822628,4.0,3.2679022154979975e-08,1.4079425909585552e-06,5.039647632543165e-08,0.00013614827184937894,0.0047778598964214325,1.441019925607634e-08,0.047850415110588074,1.3814711596893403e-09,2.0802990441382008e-09,0.047850415110588074,6.297906196550684e-08,1.581440045583804e-07,0.0003923053736798465,0.0,0.796875,64,0.002164602279663086,0.2370737928674349,pos_only
0.0,0.90625,0.0,-0.29679661989212036,0.43825554847717285,0.0,True,0.90625,"[0.828125, 0.96875]",0.735052227973938,"[0.6521789982973132, 0.8199924964283125]",0.90625,"[0.828125, 0.96875]",0.003956206608563662,6.0,3.448334950917342e-08,1.1983589729425148e-06,6.228433591104476e-08,5.864724516868591e-05,0.0010109246941283345,4.063182679203692e-09,0.032542768865823746,3.4745730737029135e-09,6.095640436853955e-09,0.032542768865823746,4.8672795571746974e-08,1.0828356522551985e-07,0.000380097480956465,0.0,0.90625,64,0.0018337368965148926,0.6009053772779103,pos_only
0.0,0.890625,0.0,-0.29679661989212036,0.5091404914855957,0.0,True,0.890625,"[0.8125, 0.953125]",0.8059371709823608,"[0.7259964174823835, 0.8938293514656833]",0.890625,"[0.8125, 0.953125]",0.006093304138630629,8.0,3.913227786256357e-08,1.149010927292693e-06,6.505932503841905e-08,2.5738683689269237e-05,0.0004948722780682147,6.226755555616137e-09,0.027654489502310753,2.0539165923594283e-09,1.5316452106617362e-08,0.027654489502310753,5.0444857180309555e-08,5.717027562468502e-08,0.0005053384811617434,0.0,0.890625,64,0.0030308961868286133,1.3012004276641718,pos_only
0.0,0.546875,0.0,-0.29679661989212036,0.5406453609466553,0.0,True,0.546875,"[0.421875, 0.671875]",0.8374419808387756,"[0.7654150494956411, 0.9093420350225642]",0.546875,"[0.421875, 0.671875]",0.010757943615317345,12.0,1.5030656186354463e-07,1.65115875461197e-06,6.012663789078943e-08,1.8647286196937785e-05,0.0003893022076226771,1.2767975121619202e-08,0.010799366980791092,1.8822303715637645e-09,4.067062064905258e-08,0.010799366980791092,1.7379306882503442e-07,6.600217972163591e-08,0.00023874753969721496,0.0,0.546875,64,0.0071149468421936035,3.275303179210792,pos_only
0.0,0.234375,0.0,-0.29679661989212036,0.5481976270675659,0.0,True,0.234375,"[0.140625, 0.34375]",0.8449941873550415,"[0.7822754076449201, 0.9101365389535203]",0.234375,"[0.140625, 0.34375]",0.014424992725253105,16.0,1.2381411806927645e-07,7.168104616539495e-07,1.6490123044832217e-08,8.693896234035492e-06,7.616064976900816e-05,5.517808432387028e-09,0.000930113485082984,5.848160289367854e-10,1.9485305813304876e-08,0.000930113485082984,1.7825153975081776e-07,2.545359123473645e-08,0.00016629612946417183,0.0,0.234375,64,0.014245152473449707,5.107417245457224,pos_only
0.0,0.0,0.0,-0.29679661989212036,-0.29679661989212036,0.0,True,0.0,"[0.0, 0.0]",0.0,"[0.0, 0.0]",0.0,"[0.0, 0.0]",0.0,1.0,0.0,0.0,0.0,0.0,0.0,0.0,0.0,0.0,0.0,0.0,0.0,0.0,0.0,0.0,0.0,64,0.0,0.0,neg_only
0.0,0.0,0.5,-0.29679661989212036,-0.2765688896179199,0.0,True,0.0,"[0.0, 0.0]",0.020227719098329544,"[-0.007064072875141392, 0.046685640622369795]",0.0,"[0.0, 0.0]",0.001167148002423346,1.0,-1.3441373014622116e-11,4.380296125816585e-11,1.7300161303523964e-11,-2.446665234856482e-07,-5.206929927226156e-06,-2.6184610035784317e-13,1.1683059710776433e-05,1.9596666954099784e-13,1.8003896984364332e-12,1.1683059710776433e-05,-8.277406537970933e-13,-3.5945357801381306e-11,-9.84655343927443e-08,0.0,0.0,64,0.013939380645751953,0.050676618619378555,neg_only
0.0,0.0,1.0,-0.29679661989212036,-0.2733865976333618,0.0,True,0.0,"[0.0, 0.0]",0.02341003715991974,"[-0.014394998838500327, 0.06435345767949413]",0.0,"[0.0, 0.0]",0.0025240194518119097,1.0,-2.629915556162654e-11,-4.2685188716973244e-10,-2.9124008760206266e-11,-1.9355206859472673e-07,-7.783417458995245e-06,-1.230940913435341e-12,1.8384122085990384e-05,-1.7752219507762013e-13,-8.338526267040458e-13,1.8384122085990384e-05,-3.3465400589571814e-12,-6.673173125193443e-11,-5.393883952820033e-07,0.0,0.0,64,0.023748040199279785,0.09204161426896107,neg_only
0.0,0.015625,0.5,-0.29679661989212036,-0.10509894788265228,0.0,True,0.015625,"[0.0, 0.046875]",0.19169768691062927,"[0.14273666303549107, 0.23948905671627185]",0.09375,"[0.03125, 0.171875]",0.0022575967013835907,2.0,8.423201580676221e-10,5.118685919569543e-08,2.3730684084455334e-09,8.374556728085736e-07,0.0001186818044516258,1.9421707297961888e-11,0.0010846012737601995,3.368111067825197e-10,2.606209345556998e-11,0.0010846012737601995,2.671651788688223e-10,1.812686334368152e-09,9.920122465700842e-06,0.0,0.09375,64,0.015654325485229492,0.1090403407825935,sparse_only
0.0,0.8125,0.5,-0.29679661989212036,0.3347589075565338,0.0,True,0.8125,"[0.71875, 0.90625]",0.6315554976463318,"[0.5558125912266405, 0.7106138345319778]",0.8125,"[0.71875, 0.90625]",0.003383834380656481,4.0,2.444749114260958e-08,9.678583410277497e-07,4.211657866903806e-08,0.00013413454871624708,0.004832079634070396,1.2491216061505384e-08,0.04652635380625725,9.778531318005435e-10,2.0016570623226926e-09,0.04652635380625725,5.270219816111421e-08,1.1544317857214992e-07,0.000358144985511899,0.0,0.8125,64,0.012697279453277588,0.26741913772038295,sparse_only
0.0,0.90625,0.5,-0.29679661989212036,0.43850177526474,0.0,True,0.90625,"[0.828125, 0.96875]",0.7352983951568604,"[0.6544464086153312, 0.8220605638576671]",0.90625,"[0.828125, 0.96875]",0.004909730516374111,6.0,2.2260572052346106e-08,8.279468488581188e-07,4.905895067963684e-08,5.6670956837479025e-05,0.0009705680422484875,3.094989153851202e-09,0.027142241597175598,1.8936425760784914e-09,5.071607578344128e-09,0.027142241597175598,3.5610554505183245e-08,8.990026145738739e-08,0.0003713348414748907,0.0,0.90625,64,0.009813010692596436,0.6164580655971168,sparse_only
0.0,0.921875,0.5,-0.29679661989212036,0.5087459683418274,0.0,True,0.921875,"[0.84375, 0.984375]",0.8055425882339478,"[0.7296546033699997, 0.8874356675660238]",0.921875,"[0.84375, 0.984375]",0.006833621300756931,8.0,3.0837952635920374e-08,8.175603056770342e-07,5.337784969583481e-08,4.380715836305171e-05,0.0004967015120200813,3.971275308600752e-09,0.02812466025352478,9.789021815365118e-10,1.811076799640432e-08,0.02812466025352478,3.766797362914076e-08,4.8879496006293266e-08,0.000633963500149548,0.0,0.921875,64,0.011553704738616943,1.3028824173525413,sparse_only
0.0,0.59375,0.5,-0.29679661989212036,0.525239884853363,0.0,True,0.59375,"[0.46875, 0.71875]",0.8220365047454834,"[0.7502152107306757, 0.8938506063306704]",0.59375,"[0.46875, 0.71875]",0.011016901582479477,12.0,1.1545175482297054e-07,1.0820758689078502e-06,4.519786145351645e-08,1.5330220776377246e-05,0.00037775878445245326,8.205705448460776e-09,0.009756747633218765,8.883697111272681e-10,3.361506628607458e-08,0.009756747633218765,1.223999959165667e-07,4.355224447749606e-08,0.00018670105782803148,0.0,0.59375,64,0.014501988887786865,3.2660328688641416,sparse_only
0.0,0.25,0.5,-0.29679661989212036,0.5428709387779236,0.0,True,0.25,"[0.140625, 0.359375]",0.839667558670044,"[0.7767107816063799, 0.9040077267913147]",0.25,"[0.140625, 0.359375]",0.014876351691782475,16.0,9.977647863479433e-08,5.522419996850658e-07,1.404470673094238e-08,7.87309545557946e-06,6.529576785396785e-05,3.6699883132484956e-09,0.0008222352480515838,3.844302653988052e-10,1.7180974865027565e-08,0.0008222352480515838,1.423741906592113e-07,1.9378232352096347e-08,0.00014019997615832835,0.0,0.25,64,0.01797562837600708,5.104111910197931,sparse_only
0.0,0.0,0.5,-0.29679661989212036,-0.2961313724517822,0.0,True,0.0,"[0.0, 0.0]",0.0006652527372352779,"[-0.001849808521632923, 0.002894934635264688]",0.0,"[0.0, 0.0]",0.0004708718042820692,2.0,-2.835565116043881e-12,-1.708588825977131e-10,-8.161069042778024e-12,-1.0848339115909766e-07,-2.772758307401091e-06,3.57410065085495e-13,6.189713985804701e-08,-1.790792991326895e-14,-9.874186971542409e-14,-2.6572579372441396e-06,2.4252128083546154e-13,-1.3340800686378884e-11,6.189713985804701e-08,0.0,0.0,64,-0.0008472204208374023,0.0010918169370888187,random
0.0,0.0,0.5,-0.29679661989212036,-0.2974490821361542,0.0,True,0.0,"[0.0, 0.0]",-0.0006524850614368916,"[-0.003173644321851299, 0.00154369131250931]",0.0,"[0.0, 0.0]",0.0006213000742718577,4.0,-4.109698692467134e-12,-2.350195593692206e-10,-7.405562274520605e-12,-1.1042311598430388e-07,-2.773967935354449e-06,5.610414476747705e-13,7.549181191279786e-08,-4.4410872548916736e-14,-1.4744336394173496e-13,-2.738344846875407e-06,1.5596204883117082e-13,-1.5756632110175417e-11,7.549181191279786e-08,0.0,0.0,64,0.0004761219024658203,0.0005298043270047792,random
0.0,0.0,0.5,-0.29679661989212036,-0.2976110577583313,0.0,True,0.0,"[0.0, 0.0]",-0.0008144292514771223,"[-0.0035264301337591063, 0.0014706870607472653]",0.0,"[0.0, 0.0]",0.0006363231223076582,6.0,-4.171708117839401e-12,-2.594546799628006e-10,-1.8633983245308627e-11,-1.23328732115624e-07,-2.7946298359893262e-06,2.551949537105136e-13,1.2227133083797526e-07,-8.631268443026752e-14,-2.160436543205413e-13,-5.075220542494208e-06,-4.2467765415388214e-14,-1.8828133496739952e-11,1.2227133083797526e-07,0.0,0.0,64,0.001840829849243164,0.0004094592055956525,random
0.0,0.0,0.5,-0.29679661989212036,-0.2970030903816223,0.0,True,0.0,"[0.0, 0.0]",-0.00020649266662076116,"[-0.0030558144821650757, 0.002288189265278717]",0.0,"[0.0, 0.0]",0.0005499235121533275,8.0,-4.351990989803767e-12,-2.5562840733073244e-10,-1.875970212505962e-11,-1.328027394720266e-07,-5.658315785694867e-06,4.733138794094094e-13,1.9798721950792242e-07,-1.1752873522487273e-13,-1.6226245607570133e-13,-5.163223249837756e-06,-2.4216739724636227e-15,-1.9614670998535644e-11,1.9798721950792242e-07,0.0,0.0,64,0.0038238167762756348,0.0008617913109536524,random
0.0,0.0,0.5,-0.29679661989212036,-0.2929173707962036,0.0,True,0.0,"[0.0, 0.0]",0.003879252355545759,"[-0.003641708894808815, 0.015851637704568936]",0.0,"[0.0, 0.0]",0.0006489494116976857,12.0,-2.2198874682910485e-12,-3.0539837325704866e-10,-1.7708209898437133e-11,-1.4418324667531124e-07,-5.632860847981647e-06,5.606515685735447e-13,1.948815224750433e-07,-1.2638292647658422e-13,-9.452334748250024e-14,-5.549889465328306e-06,5.600372596226144e-13,-2.1399895744345088e-11,1.948815224750433e-07,0.0,0.0,64,0.0035924315452575684,0.0019902473364816764,random
0.0,0.0,0.5,-0.29679661989212036,-0.2938346266746521,0.0,True,0.0,"[0.0, 0.0]",0.0029620095156133175,"[-0.004899732635858811, 0.01515850818626418]",0.0,"[0.0, 0.0]",0.0006273988401517272,16.0,-2.58673985009672e-12,-4.708342604686777e-10,-2.862597658914723e-11,-1.541280028050096e-07,-8.395725672016852e-06,6.504885605856936e-13,3.306226972199511e-07,-1.684187186413999e-13,-8.417854087394705e-15,-7.550292139058001e-06,3.9838705251371564e-13,-3.276330595713972e-11,3.306226972199511e-07,0.0,0.0,64,0.005843997001647949,0.0015228549584116458,random
0.0,0.0,0.0,-0.29679661989212036,-0.2771010100841522,0.0,True,0.0,"[0.0, 0.0]",0.019695598632097244,"[0.002637178800092066, 0.03797900301334511]",0.0,"[0.0, 0.0]",0.0007128125289455056,0.5,2.9269010826116215e-11,1.9608636936396806e-09,1.946294653221159e-10,2.2602108629143913e-08,-7.917695256765e-06,4.614774708200375e-12,3.543256752891466e-05,3.7866611972761643e-13,2.6439263105249022e-12,3.543256752891466e-05,1.0513120755895056e-11,8.903468240450962e-11,8.683965688760509e-07,0.0,0.0,64,0.004253268241882324,0.020392414812805182,caa
0.0,0.0,0.0,-0.29679661989212036,-0.26654237508773804,0.0,True,0.0,"[0.0, 0.0]",0.03025425598025322,"[0.010092555766643585, 0.051690853812502234]",0.0,"[0.0, 0.0]",0.001100404653698206,1.0,1.7537536700640288e-10,1.5561175459311016e-08,1.0463260258219975e-09,-5.2071641221118625e-08,-4.6198692871257663e-07,1.6720236306611014e-11,0.0002212109975516796,3.759066408842715e-12,1.3984829787261344e-11,0.0002212109975516796,5.875887276740599e-11,6.403399477328264e-10,4.559269200399285e-06,0.0,0.0,64,0.007277190685272217,0.04246660023858606,caa
0.0,0.046875,0.0,-0.29679661989212036,-0.15279045701026917,0.0,True,0.046875,"[0.0, 0.109375]",0.1440061628818512,"[0.10838707333233515, 0.18142059920909118]",0.078125,"[0.015625, 0.15625]",0.0016558317001909018,1.5,6.396535301433914e-09,1.8808425750194147e-07,6.740584979070263e-09,2.2811439066572348e-06,4.928406997350976e-05,7.408863800240084e-11,0.005750718526542187,8.662479067389484e-11,7.337948998431543e-11,0.005750718526542187,4.4844095103968584e-10,1.285932516026378e-08,4.001878187409602e-05,0.0,0.078125,64,0.006648063659667969,0.08089766128780562,caa
0.0,0.65625,0.0,-0.29679661989212036,0.17829495668411255,0.0,True,0.65625,"[0.546875, 0.765625]",0.4750915765762329,"[0.38446373665226474, 0.5634107360286633]",0.671875,"[0.5625, 0.78125]",0.00216042366810143,2.0,2.08331609741208e-08,5.536138019124337e-07,2.836234358483125e-08,9.769362804945558e-05,0.001352914609014988,1.6642021094526172e-09,0.02629789523780346,1.8934477596932453e-10,3.26611154788381e-10,0.02629789523780346,1.9114789751029093e-08,4.95475163120318e-08,0.00011784971138695255,0.0,0.671875,64,0.005547583103179932,0.1274509681945717,caa
0.0,0.921875,0.0,-0.29679661989212036,0.3870168924331665,0.0,True,0.921875,"[0.84375, 0.984375]",0.6838135123252869,"[0.5950894475555287, 0.7698536046288609]",0.921875,"[0.84375, 0.984375]",0.0039099762216210365,3.0,5.223958865485656e-08,2.422791339995456e-06,4.3664755366989993e-08,0.0005532556679099798,0.0007770835654810071,1.3232076767621948e-08,0.04487760365009308,6.797087892529419e-10,1.8183827776852013e-09,0.04487760365009308,5.5051721403742704e-08,2.217479959654156e-07,0.000213799110497348,0.0,0.921875,64,0.005392491817474365,0.2626065067190453,caa
0.0,0.0,0.5,-0.29679661989212036,-0.2947186827659607,0.0,True,0.0,"[0.0, 0.0]",0.0020779315382242203,"[-0.014313788277043216, 0.01570364060026603]",0.0,"[0.0, 0.0]",0.038844652473926544,2.0,5.084422466383742e-11,6.984322009628841e-10,2.3455418163287334e-11,2.400420271442272e-07,4.289855496608652e-06,3.7876190898955553e-13,4.289855496608652e-06,1.139688387066795e-13,4.304008321617814e-13,2.848177246050909e-06,5.6144889085119054e-12,4.8647461059481145e-11,3.596619535528589e-07,0.0,0.0,64,-0.00421220064163208,0.10194675072398951,outside_window
0.0,0.0,0.5,-0.29679661989212036,-0.2948334813117981,0.0,True,0.0,"[0.0, 0.0]",0.0019631560426205397,"[-0.019975195487774045, 0.02062441564349946]",0.0,"[0.0, 0.0]",0.049694906920194626,4.0,1.0849368625720501e-10,1.8232741982870948e-09,7.509513844095039e-11,1.4103335388426785e-07,8.169203283614479e-06,1.4498638834653521e-12,8.169203283614479e-06,3.266824744746488e-13,1.877039105743772e-12,7.475442544091493e-06,1.261562989490761e-11,1.4148575366856875e-10,5.05863681610208e-07,0.0,0.0,64,-0.005216062068939209,0.09861881112853421,outside_window
0.0,0.0,0.5,-0.29679661989212036,-0.27743107080459595,0.0,True,0.0,"[0.0, 0.0]",0.01936553604900837,"[-0.011987192475108089, 0.050643065206186576]",0.015625,"[0.0, 0.046875]",0.05519761145114899,6.0,4.278266629853533e-10,2.0711038217768873e-08,3.835181061617732e-10,-1.1089724694102188e-08,2.0238696379237808e-05,5.192906001039166e-12,2.0238696379237808e-05,1.4455547869829388e-11,7.86922610407359e-12,9.736355423228815e-06,6.96621094142813e-11,1.1769558661001156e-09,2.7326727831678e-06,0.0,0.015625,64,0.008309364318847656,0.10854318907927407,outside_window
0.0,0.015625,0.5,-0.29679661989212036,-0.20613770186901093,0.0,True,0.015625,"[0.0, 0.046875]",0.09065890312194824,"[0.04148242489455924, 0.1435417887608821]",0.171875,"[0.078125, 0.265625]",0.06623440235853195,8.0,1.361934232058104e-09,8.54339745615107e-08,1.3791224828807458e-09,2.1179610030230833e-06,0.00026990188052877784,1.710677433042207e-11,0.00026990188052877784,5.0697095826945926e-11,6.399106938781429e-11,2.3276646970771253e-05,2.121381958986035e-10,3.18775983387809e-09,1.8153852579416707e-05,0.0,0.171875,64,0.01049584150314331,0.09804011010217284,outside_window
0.0,0.140625,0.5,-0.29679661989212036,-0.08243614435195923,0.0,True,0.140625,"[0.0625, 0.234375]",0.21436047554016113,"[0.14560707537771034, 0.28484889515219375]",0.5625,"[0.4375, 0.671875]",0.08300084620714188,12.0,1.2837013674271702e-09,6.017993570139879e-08,3.3153242373629155e-09,7.791726602590643e-06,0.0028546173125505447,8.426268016670235e-11,0.0028546173125505447,8.834158404802395e-11,1.0795873917057719e-10,9.017202683025971e-05,2.5772969869386486e-10,2.809201760101132e-09,3.400895730010234e-05,0.0,0.5625,64,-0.02717798948287964,0.06767364713291224,outside_window
0.0,0.265625,0.5,-0.29679661989212036,-0.13336214423179626,0.0,True,0.265625,"[0.15625, 0.375]",0.1634344756603241,"[0.10841016774114678, 0.22231305666788329]",0.625,"[0.5, 0.734375]",0.15844105184078217,16.0,2.3556475525765563e-07,4.856647592532681e-06,8.792783887656697e-07,4.751069354824722e-05,0.0002844406699296087,7.706479898672569e-09,0.0005782623775303364,6.6496768091894864e-09,2.7847715244888605e-09,0.0005782623775303364,8.00168464820672e-08,4.134972471092624e-07,0.00033114186953753233,0.0,0.625,64,-0.12297379970550537,0.2391596959042892,outside_window
