DEFAULT_base,DEFAULT_edit,beta,dM_base,dM_edit,excess,feasible,gain_DEFAULT,gain_DEFAULT_ci,gain_dM,gain_dM_ci,gain_lid,gain_lid_ci,kl_offdecision,lam,leak_am,leak_ar,leak_bn,leak_de,leak_es,leak_fr,leak_hi,leak_max,leak_ne,leak_sw,leak_te,leak_ur,leak_zh,lid_base,lid_edit,n,util_nll,util_nll_all,variant
0.0,0.0,0.0,-0.29739123582839966,-0.05712771415710449,0.021674723625183107,False,0.0,"[0.0, 0.0]",0.24026352167129517,"[0.18400623381958123, 0.2990569623681576]",0.0,"[0.0, 0.0]",0.008066902868449688,2.0,9.673005507693233e-09,5.431045906334475e-07,5.708563094231067e-06,-0.0005881161196157336,6.272704240473104e-07,-2.469532955728937e-05,0.001449199509806931,0.001449199509806931,1.4850268144073198e-06,-2.6369782062829472e-05,1.2811217402486363e-06,1.1108691211347832e-07,0.0003706631250679493,0.0,0.0,64,0.051674723625183105,0.5422854583718419,full
0.0,0.0,0.5,-0.29739123582839966,-0.04310125857591629,0.0223357093334198,False,0.0,"[0.0, 0.0]",0.25428998470306396,"[0.1994684603288029, 0.31295418759996313]",0.0,"[0.0, 0.0]",0.00789932906627655,2.0,1.0668800953794744e-08,5.80921721393679e-07,5.760349722550018e-06,-0.0005738333566114306,1.1082255468863877e-06,-2.5479052055743523e-05,0.0019228532910346985,0.0019228532910346985,1.2729270792988245e-06,-2.52220324910013e-05,1.2600520449268515e-06,1.249103149802977e-07,0.000186820951057598,0.0,0.0,64,0.0523357093334198,0.5452815704127563,full
0.0,0.0,1.0,-0.29739123582839966,-0.040056776255369186,0.021077723503112794,False,0.0,"[0.0, 0.0]",0.25733447074890137,"[0.20149177174732316, 0.318533301764441]",0.0,"[0.0, 0.0]",0.009476704522967339,2.0,1.1841750691132802e-08,4.906872277388175e-07,3.8765856515965424e-06,-0.0005880718235857785,2.8630361157411244e-06,-2.5970231945393607e-05,0.002530978759750724,0.002530978759750724,2.1873593141208403e-06,-2.530841447878629e-05,1.0210867458226858e-06,1.2218373512951075e-07,0.0012568007223308086,0.0,0.0,64,0.05107772350311279,0.5476075050403084,full
0.0,0.0,0.0,-0.29739123582839966,-0.0003480994491837919,0.049020053148269654,False,0.0,"[0.0, 0.0]",0.2970431447029114,"[0.23980151307930556, 0.3575456651774857]",0.0,"[0.0, 0.0]",0.01558122131973505,4.0,5.124001631884312e-07,4.718013951787725e-05,7.482431828975677e-05,-0.0005199029110372066,3.815723903244361e-05,7.713626473559998e-06,0.012128439731895924,0.012128439731895924,5.926740413997322e-06,-8.356726539204828e-06,2.0766463421750814e-05,7.509815986850299e-06,0.00595689844340086,0.0,0.0,64,0.07902005314826965,0.835381008200001,full
0.0,0.0,0.5,-0.29739123582839966,-0.00020538984972517937,0.04361215353012085,False,0.0,"[0.0, 0.0]",0.29718583822250366,"[0.24004154498503852, 0.35765565753320344]",0.0,"[0.0, 0.0]",0.015455025248229504,4.0,1.0180750678046024e-06,7.647430174984038e-05,0.00011634009570116177,-0.0004379001911729574,8.336311293533072e-05,4.8853813495952636e-05,0.01358717679977417,0.01358717679977417,9.12132873054361e-06,1.988012809306383e-05,3.270293018431403e-05,1.2331003745202906e-05,0.008386422879993916,0.0,0.0,64,0.07361215353012085,0.8258071801251732,full
0.0,0.0,1.0,-0.29739123582839966,-0.00013355429109651595,0.036523343324661256,False,0.0,"[0.0, 0.0]",0.2972576916217804,"[0.2401275444192379, 0.35771012088166004]",0.0,"[0.0, 0.0]",0.01686445064842701,4.0,1.480077116866596e-06,9.623975347494707e-05,0.00014246578211896122,-0.00035096786450594664,0.00013301678700372577,8.672219701111317e-05,0.014150131493806839,0.014150131493806839,1.0537095477047842e-05,4.90899255964905e-05,3.6491412174655125e-05,1.5921606973279268e-05,0.010760488919913769,0.0,0.0,64,0.06652334332466125,0.8178635761514572,full
0.0,0.0,0.0,-0.29739123582839966,1.2996703844692092e-05,0.026550830602645875,False,0.0,"[0.0, 0.0]",0.2974042296409607,"[0.24018562256647974, 0.3578818534265846]",0.0,"[0.0, 0.0]",0.0146861020475626,6.0,3.9817144026343954e-10,4.873210279754403e-09,2.4087116798909847e-06,-0.0005946122691966593,-4.2119128806916706e-07,-2.7635709557216614e-05,0.03899197280406952,0.03899197280406952,2.2752554684757342e-07,-3.1046303774928674e-05,9.604111284033934e-09,3.52232865097335e-09,1.2405407687765546e-05,0.0,0.0,64,0.056550830602645874,2.354162070306392,full
0.0,0.0,0.5,-0.29739123582839966,2.1245421521598473e-05,0.02347225069999695,False,0.0,"[0.0, 0.0]",0.2974124848842621,"[0.24019478747609924, 0.3578853418547389]",0.0,"[0.0, 0.0]",0.015330360271036625,6.0,6.820304321308868e-10,7.046706329560948e-09,4.074624939676141e-06,-0.0005946035962551832,-4.1699621533553e-07,-2.7633457648335025e-05,0.03809298202395439,0.03809298202395439,4.252719918440562e-07,-3.104534698650241e-05,1.1430675961321413e-08,4.273632114859538e-09,1.60484341904521e-05,0.0,0.0,64,0.05347225069999695,2.306648483439971,full
0.0,0.0,1.0,-0.29739123582839966,2.709817999857478e-05,0.023930968046188356,False,0.0,"[0.0, 0.0]",0.29741835594177246,"[0.24020370051648285, 0.3578929313870414]",0.0,"[0.0, 0.0]",0.015613293275237083,6.0,1.3705536705543864e-09,1.1971123647924742e-08,7.4701010817079805e-06,-0.0005945857265032828,-4.0761338482298015e-07,-2.7628111638478003e-05,0.04736294969916344,0.04736294969916344,1.0005196600104682e-06,-3.104110146523453e-05,1.4885045196422197e-08,5.776319422778897e-09,2.3764061552355997e-05,0.0,0.0,64,0.053930968046188354,2.2610932378107687,full
0.0,0.0,0.0,-0.29739123582839966,4.541430826066062e-05,0.015471787452697755,False,0.0,"[0.0, 0.0]",0.2974366545677185,"[0.24023903129593407, 0.3579261661455185]",0.0,"[0.0, 0.0]",0.016926078125834465,8.0,3.163403983208468e-10,1.767354085302486e-08,4.743809824958589e-07,-0.0005946148885414004,-4.236393067458266e-07,-2.763387055892963e-05,0.04955056682229042,0.04955056682229042,1.1235414376642439e-06,-3.104896313743666e-05,7.776897348321654e-09,4.724144186951662e-09,1.606575278856326e-05,0.0,0.0,64,0.045471787452697754,3.9963114331499687,full
0.0,0.0,0.5,-0.29739123582839966,6.191270222188905e-05,0.013924570083618165,False,0.0,"[0.0, 0.0]",0.2974531650543213,"[0.24025932541462608, 0.35794744997676986]",0.0,"[0.0, 0.0]",0.01748962327837944,8.0,4.1532960404211394e-10,2.1609768197095036e-08,6.010403694745037e-07,-0.0005946115707047284,-4.2093694219147437e-07,-2.763158227025997e-05,0.0625455379486084,0.0625455379486084,1.5685452581237769e-06,-3.1046889489516616e-05,8.799218242927509e-09,5.3052242598994326e-09,1.947058626683429e-05,0.0,0.0,64,0.043924570083618164,3.8894533207793165,full
0.0,0.0,1.0,-0.29739123582839966,7.261482096510008e-05,0.013880850076675416,False,0.0,"[0.0, 0.0]",0.2974638342857361,"[0.2402674091030484, 0.35796704039313454]",0.0,"[0.0, 0.0]",0.016900135204195976,8.0,5.915419265534183e-10,2.8494993031813465e-08,7.865672273510427e-07,-0.0005946054589003325,-4.1617272472649347e-07,-2.762741678452585e-05,0.06002767011523247,0.06002767011523247,2.4054761524894275e-06,-3.1043764465721324e-05,1.0297565466999004e-08,6.341502434281665e-09,2.5083254513447173e-05,0.0,0.0,64,0.043880850076675415,3.7897880477850743,full
0.0,0.0,0.0,-0.29739123582839966,3.193099837517366e-05,0.0028453779220581066,False,0.0,"[0.0, 0.0]",0.29742318391799927,"[0.24021070999501717, 0.3579018313197679]",0.0,"[0.0, 0.0]",0.024854836985468864,12.0,4.585678364810164e-11,5.347976284042488e-09,6.470236257882789e-08,-0.0005946197779849172,-4.296007887205633e-07,-2.7639471227303147e-05,0.0500139556825161,0.0500139556825161,6.591462806682102e-06,-3.1052295526023954e-05,2.784761310437034e-09,1.727723186739638e-09,5.693506409443216e-06,0.0,0.0,64,0.032845377922058105,5.328493335061281,full
0.0,0.0,0.5,-0.29739123582839966,4.9573111027712e-05,0.0006154787540435802,False,0.0,"[0.0, 0.0]",0.2974408268928528,"[0.24023057972437983, 0.35792046821220397]",0.0,"[0.0, 0.0]",0.025051360949873924,12.0,5.307595335457549e-11,6.157909737680711e-09,7.272373636624252e-08,-0.0005946188466623425,-4.2892517626569315e-07,-2.763845259323716e-05,0.05162794515490532,0.05162794515490532,1.2192114809295163e-05,-3.105179712292738e-05,2.7800890478602014e-09,1.8594022987983294e-09,5.472283191920724e-06,0.0,0.0,64,0.03061547875404358,5.182639102240475,full
0.0,0.0,1.0,-0.29739123582839966,7.192863995442167e-05,0.00234580159187317,False,0.0,"[0.0, 0.0]",0.29746317863464355,"[0.2402579777027043, 0.35794503591321386]",0.0,"[0.0, 0.0]",0.025394432246685028,12.0,6.885436665271527e-11,7.879872754301687e-09,8.42430836200947e-08,-0.0005946167511865497,-4.2767479158101196e-07,-2.763670272543095e-05,0.055307675153017044,0.055307675153017044,2.1288016796461307e-05,-3.105084033450112e-05,2.926294984106903e-09,2.197874326981264e-09,6.130395831860369e-06,0.0,0.0,64,0.03234580159187317,5.048005162007984,full
0.0,0.0,0.0,-0.29739123582839966,2.7338051950209774e-05,0.0,True,0.0,"[0.0, 0.0]",0.29741859436035156,"[0.24020501875937725, 0.3578977904226036]",0.0,"[0.0, 0.0]",0.031146058812737465,16.0,6.625166526497139e-10,3.6234460765172116e-08,1.592073459733001e-07,-0.0005945950979366899,-4.168241218849289e-07,-2.762423173408024e-05,0.041791897267103195,0.041791897267103195,2.18656914512394e-05,-3.104260758846067e-05,1.440021346610365e-08,8.226718861692461e-09,2.2833148250356317e-05,0.0,0.0,64,0.02458333969116211,5.63050488082744,full
0.0,0.0,0.5,-0.29739123582839966,3.5745575587498024e-05,0.0,True,0.0,"[0.0, 0.0]",0.2974269688129425,"[0.2402129349061312, 0.35790582660244324]",0.0,"[0.0, 0.0]",0.031850624829530716,16.0,7.13507419813908e-10,3.819176797037471e-08,1.7390958362284437e-07,-0.0005945884622633457,-4.130058357532107e-07,-2.7619971660897136e-05,0.04422123357653618,0.04422123357653618,3.744256537174806e-05,-3.104039569734596e-05,1.403155547308188e-08,8.557983655066437e-09,2.35652787523577e-05,0.0,0.0,64,0.024777472019195557,5.495021492860588,full
0.0,0.0,1.0,-0.29739123582839966,4.718987474916503e-05,0.0,True,0.0,"[0.0, 0.0]",0.29743844270706177,"[0.24022404203120118, 0.3579174576971468]",0.0,"[0.0, 0.0]",0.03228726610541344,16.0,7.730604489886161e-10,4.0663348244152075e-08,1.912695353212257e-07,-0.0005945799639448524,-4.0767329778645944e-07,-2.761330506473314e-05,0.041197989135980606,0.041197989135980606,7.006356463534757e-05,-3.1037070584716275e-05,1.3952138111505974e-08,8.855818300901319e-09,2.4887709514587186e-05,0.0,0.0,64,0.02480676770210266,5.370800798155734,full
0.0,0.0,0.0,-0.29739123582839966,-0.05712771415710449,0.021674723625183107,False,0.0,"[0.0, 0.0]",0.24026352167129517,"[0.18400623381958123, 0.2990569623681576]",0.0,"[0.0, 0.0]",0.008066902868449688,2.0,9.673005507693233e-09,5.431045906334475e-07,5.708563094231067e-06,-0.0005881161196157336,6.272704240473104e-07,-2.469532955728937e-05,0.001449199509806931,0.001449199509806931,1.4850268144073198e-06,-2.6369782062829472e-05,1.2811217402486363e-06,1.1108691211347832e-07,0.0003706631250679493,0.0,0.0,64,0.051674723625183105,0.5422854583718419,pos_only
0.0,0.0,0.0,-0.29739123582839966,-0.0003480994491837919,0.049020053148269654,False,0.0,"[0.0, 0.0]",0.2970431447029114,"[0.23980151307930556, 0.3575456651774857]",0.0,"[0.0, 0.0]",0.01558122131973505,4.0,5.124001631884312e-07,4.718013951787725e-05,7.482431828975677e-05,-0.0005199029110372066,3.815723903244361e-05,7.713626473559998e-06,0.012128439731895924,0.012128439731895924,5.926740413997322e-06,-8.356726539204828e-06,2.0766463421750814e-05,7.509815986850299e-06,0.00595689844340086,0.0,0.0,64,0.07902005314826965,0.835381008200001,pos_only
0.0,0.0,0.0,-0.29739123582839966,1.2996703844692092e-05,0.026550830602645875,False,0.0,"[0.0, 0.0]",0.2974042296409607,"[0.24018562256647974, 0.3578818534265846]",0.0,"[0.0, 0.0]",0.0146861020475626,6.0,3.9817144026343954e-10,4.873210279754403e-09,2.4087116798909847e-06,-0.0005946122691966593,-4.2119128806916706e-07,-2.7635709557216614e-05,0.03899197280406952,0.03899197280406952,2.2752554684757342e-07,-3.1046303774928674e-05,9.604111284033934e-09,3.52232865097335e-09,1.2405407687765546e-05,0.0,0.0,64,0.056550830602645874,2.354162070306392,pos_only
0.0,0.0,0.0,-0.29739123582839966,4.541430826066062e-05,0.015471787452697755,False,0.0,"[0.0, 0.0]",0.2974366545677185,"[0.24023903129593407, 0.3579261661455185]",0.0,"[0.0, 0.0]",0.016926078125834465,8.0,3.163403983208468e-10,1.767354085302486e-08,4.743809824958589e-07,-0.0005946148885414004,-4.236393067458266e-07,-2.763387055892963e-05,0.04955056682229042,0.04955056682229042,1.1235414376642439e-06,-3.104896313743666e-05,7.776897348321654e-09,4.724144186951662e-09,1.606575278856326e-05,0.0,0.0,64,0.045471787452697754,3.9963114331499687,pos_only
0.0,0.0,0.0,-0.29739123582839966,3.193099837517366e-05,0.0028453779220581066,False,0.0,"[0.0, 0.0]",0.29742318391799927,"[0.24021070999501717, 0.3579018313197679]",0.0,"[0.0, 0.0]",0.024854836985468864,12.0,4.585678364810164e-11,5.347976284042488e-09,6.470236257882789e-08,-0.0005946197779849172,-4.296007887205633e-07,-2.7639471227303147e-05,0.0500139556825161,0.0500139556825161,6.591462806682102e-06,-3.1052295526023954e-05,2.784761310437034e-09,1.727723186739638e-09,5.693506409443216e-06,0.0,0.0,64,0.032845377922058105,5.328493335061281,pos_only
0.0,0.0,0.0,-0.29739123582839966,2.7338051950209774e-05,0.0,True,0.0,"[0.0, 0.0]",0.29741859436035156,"[0.24020501875937725, 0.3578977904226036]",0.0,"[0.0, 0.0]",0.031146058812737465,16.0,6.625166526497139e-10,3.6234460765172116e-08,1.592073459733001e-07,-0.0005945950979366899,-4.168241218849289e-07,-2.762423173408024e-05,0.041791897267103195,0.041791897267103195,2.18656914512394e-05,-3.104260758846067e-05,1.440021346610365e-08,8.226718861692461e-09,2.2833148250356317e-05,0.0,0.0,64,0.02458333969116211,5.63050488082744,pos_only
0.0,0.0,0.0,-0.29739123582839966,-0.29739123582839966,0.0,True,0.0,"[0.0, 0.0]",0.0,"[0.0, 0.0]",0.0,"[0.0, 0.0]",0.0,1.0,0.0,0.0,0.0,0.0,0.0,0.0,0.0,0.0,0.0,0.0,0.0,0.0,0.0,0.0,0.0,64,0.0,0.0,neg_only
0.0,0.0,0.5,-0.29739123582839966,-0.29770898818969727,0.0,True,0.0,"[0.0, 0.0]",-0.00031776586547493935,"[-0.03267357218583946, 0.030681187199317957]",0.0,"[0.0, 0.0]",0.0004565773415379226,1.0,2.868651843845882e-11,1.7739345548051233e-09,3.180848917594403e-10,0.00011043954873457551,-1.5130839869925694e-07,-6.456244591390714e-06,4.788537621980282e-12,0.0001546280982438475,1.8156494103332976e-12,0.0001546280982438475,8.910399328099228e-12,6.940960306511812e-11,-1.816351868910715e-08,0.0,0.0,64,0.005893886089324951,0.023943300499414955,neg_only
0.0,0.0,1.0,-0.29739123582839966,-0.3094136416912079,0.0,True,0.0,"[0.0, 0.0]",-0.012022396549582481,"[-0.04917114540531298, 0.02508827379483556]",0.0,"[0.0, 0.0]",0.0007872417336329818,1.0,3.31172103629207e-11,5.694286819846184e-09,1.614850808628887e-09,0.0002248514210805297,-2.3945960947457934e-07,-1.0272959116264246e-05,2.41198137851395e-11,0.0007609836757183075,-1.4571221833292736e-13,0.0007609836757183075,2.740399226985879e-11,2.9517249755528496e-10,1.4423505945160287e-07,0.0,0.0,64,0.011292994022369385,0.04632772455222267,neg_only
0.0,0.0,1.0,-0.29739123582839966,-0.0005221390165388584,0.021934570074081422,False,0.0,"[0.0, 0.0]",0.29686909914016724,"[0.23983491015791217, 0.35743269817133905]",0.0,"[0.0, 0.0]",0.00815608911216259,2.0,1.5257988206229811e-09,9.529194500146332e-08,4.696709652307618e-07,-0.0005945083685219288,2.831561914717895e-06,-2.749554369074758e-05,0.002493419451639056,0.002493419451639056,3.497941634122981e-07,-2.9800528864143416e-05,2.970660162304739e-08,2.4029004563885792e-08,1.1126138815598097e-05,0.0,0.0,64,0.05193457007408142,0.5788661446888335,sparse_only
0.0,0.0,1.0,-0.29739123582839966,0.00010538662900216877,0.03859451532363892,False,0.0,"[0.0, 0.0]",0.29749661684036255,"[0.2403043786437024, 0.3579632756984864]",0.0,"[0.0, 0.0]",0.016313450410962105,4.0,1.0357237556490873e-07,9.093548214877956e-06,1.9753084416151978e-05,-0.0005737225292250514,1.1513948265928775e-05,-1.7560721971676685e-05,0.011217017658054829,0.011217017658054829,3.4496003991080215e-06,-2.4748565920162946e-05,4.916424586554058e-06,2.1204973563726526e-06,0.0013336606789380312,0.0,0.0,64,0.06859451532363892,1.0348662484791382,sparse_only
0.0,0.0,1.0,-0.29739123582839966,8.195204827643465e-06,0.023416728973388673,False,0.0,"[0.0, 0.0]",0.29739946126937866,"[0.24018503935460914, 0.3578778770309448]",0.0,"[0.0, 0.0]",0.016088424250483513,6.0,-5.101568473220297e-11,-3.1606488537505584e-09,6.246891359751316e-08,-0.0005946251330897212,-4.323567850406107e-07,-2.7642872737487778e-05,0.03051329404115677,0.03051329404115677,1.1186136816832004e-07,-3.105471114395186e-05,6.799118212885702e-11,-1.6661440283005646e-10,-1.0747047554104938e-06,0.0,0.0,64,0.05341672897338867,3.1020695602493342,sparse_only
0.0,0.0,1.0,-0.29739123582839966,1.4870058294036426e-05,0.013301284313201905,False,0.0,"[0.0, 0.0]",0.2974061369895935,"[0.2401918169483416, 0.3578833032020494]",0.0,"[0.0, 0.0]",0.017713939771056175,8.0,-5.199201139061138e-11,-3.1176607961924674e-09,6.7786762869559425e-09,-0.0005946251330897212,-4.3237685076746857e-07,-2.76428836514242e-05,0.039384521543979645,0.039384521543979645,3.6967335859117156e-07,-3.1054722057888284e-05,3.982452909112588e-11,-1.652154246745141e-10,-1.0772930636449018e-06,0.0,0.0,64,0.043301284313201904,4.914223598019407,sparse_only
0.0,0.0,1.0,-0.29739123582839966,7.4319741543149576e-06,0.0014683914184570324,False,0.0,"[0.0, 0.0]",0.2973986864089966,"[0.24018630237268185, 0.3578772000938997]",0.0,"[0.0, 0.0]",0.02400968410074711,12.0,-5.2573004977185533e-11,-3.139386750561357e-09,1.015432959938778e-09,-0.0005946251330897212,-4.3238691205260693e-07,-2.764287819445599e-05,0.04198883846402168,0.04198883846402168,2.5277222448494285e-06,-3.10547293338459e-05,1.4836097628201372e-11,-1.7157296416936418e-10,-1.1095470426880638e-06,0.0,0.0,64,0.03146839141845703,6.108683721775494,sparse_only
0.0,0.0,1.0,-0.29739123582839966,9.212997611030005e-06,0.0,True,0.0,"[0.0, 0.0]",0.29740047454833984,"[0.24018875149780355, 0.35787935676051813]",0.0,"[0.0, 0.0]",0.03325707092881203,16.0,-4.6477405257761006e-11,-2.7423732174014503e-09,3.978219531575178e-09,-0.0005946247838437557,-4.3220708789704076e-07,-2.7642679924611002e-05,0.03247543051838875,0.03247543051838875,1.3289118214743212e-05,-3.105458017671481e-05,2.111300023699414e-10,-6.298497834400507e-11,-7.13173619715235e-07,0.0,0.0,64,0.02584049105644226,6.338283538818359,sparse_only
0.0,0.0,1.0,-0.29739123582839966,-0.2941550314426422,0.0,True,0.0,"[0.0, 0.0]",0.0032362062484025955,"[-0.005318859659538333, 0.01364068047859419]",0.0,"[0.0, 0.0]",0.0004188260354567319,2.0,1.9900341097223162e-10,1.2820300376858995e-08,1.1781761122264811e-09,0.00011848058784380555,3.4513033142502536e-07,3.541209298418835e-05,9.02260904878105e-11,0.00011848058784380555,3.9042874835915065e-12,6.3566185417585075e-06,1.1995761328709165e-10,1.10056463942243e-09,2.2087178876972757e-06,0.0,0.0,64,-0.0014772415161132812,-0.02826204770287921,random
0.0,0.0,1.0,-0.29739123582839966,-0.2851365804672241,0.0,True,0.0,"[0.0, 0.0]",0.012254668399691582,"[-0.00034980938038984275, 0.02851021398160469]",0.0,"[0.0, 0.0]",0.00046969292452558875,4.0,4.142208243074208e-10,2.241922736345714e-08,2.0788042398578455e-09,0.00015653681475669146,9.799791769182775e-07,3.5826618841383606e-05,1.7591231249447503e-10,0.00015653681475669146,8.383915089948957e-12,1.1499872925924137e-05,2.1169860309200317e-10,1.988659903418011e-09,3.080907390540233e-06,0.0,0.0,64,-0.0015755891799926758,-0.05800547405512857,random
0.0,0.0,1.0,-0.29739123582839966,-0.29123273491859436,0.0,True,0.0,"[0.0, 0.0]",0.0061584957875311375,"[-0.005555406736385748, 0.02166072603598081]",0.0,"[0.0, 0.0]",0.0005584046593867242,6.0,7.329148399293217e-10,3.682658800130412e-08,3.4748546262619584e-09,0.00018204638035967946,1.0483937558092293e-06,4.2443098209332675e-05,3.2763292079351913e-10,0.00018204638035967946,1.552584102948451e-11,1.8406000890536234e-05,3.7413197540026033e-10,3.332966791447234e-09,4.387710760056507e-06,0.0,0.0,64,-0.004003196954727173,-0.08456485385635726,random
0.0,0.0,1.0,-0.29739123582839966,-0.29544907808303833,0.0,True,0.0,"[0.0, 0.0]",0.0019421768374741077,"[-0.008327815192097887, 0.015861976734566952]",0.0,"[0.0, 0.0]",0.0005596945411525667,8.0,1.3132677167959628e-09,6.045558365030956e-08,5.7315325818763085e-09,0.0002472412306815386,1.663118155192933e-06,4.306995833758265e-05,5.284525594895229e-10,0.0002472412306815386,2.7790915402281513e-11,2.6696816348703578e-05,6.220365889042512e-10,5.481807896501323e-09,5.857467385794735e-06,0.0,0.0,64,-0.0033226609230041504,-0.11070385892703083,random
0.0,0.0,1.0,-0.29739123582839966,-0.2910531759262085,0.0,True,0.0,"[0.0, 0.0]",0.00633807061240077,"[-0.00668699259037453, 0.022571110158986576]",0.0,"[0.0, 0.0]",0.0006451843655668199,12.0,3.7809684272360755e-09,1.5027060840111517e-07,1.3979642332628828e-08,0.00032154901418834925,3.5588309401646256e-06,5.2226154366508126e-05,1.360571766362284e-09,0.00032154901418834925,7.557047349004975e-11,4.745886690216139e-05,1.5427875643680977e-09,1.4016003468952931e-08,1.0092105185321998e-05,0.0,0.0,64,-0.00571015477180481,-0.15776286421715158,random
0.0,0.0,1.0,-0.29739123582839966,-0.2923194169998169,0.0,True,0.0,"[0.0, 0.0]",0.005071836058050394,"[-0.008086472158913694, 0.021415583378268366]",0.0,"[0.0, 0.0]",0.0007446876843459904,16.0,9.280406665368446e-09,3.1664896482652694e-07,3.029689565892113e-08,0.00043437426211312413,6.686560936941532e-06,6.488320650532842e-05,2.8698434739737877e-09,0.00043437426211312413,1.835051555154621e-10,6.90438027959317e-05,3.428428652085813e-09,3.0034399856049276e-08,1.6195097487070598e-05,0.0,0.0,64,-0.006360501050949097,-0.19893238730222684,random
0.0,0.0,0.0,-0.29739123582839966,-0.29627925157546997,0.0,True,0.0,"[0.0, 0.0]",0.0011119893752038479,"[-0.01739962108854165, 0.018834514255315325]",0.0,"[0.0, 0.0]",0.0014949123142287135,0.5,1.058535897824342e-11,-1.1817049561102522e-09,3.602877995945164e-10,-0.0003515243297442794,-2.655967250575486e-07,-2.4516284611308947e-05,4.868832892412911e-09,4.595040081767365e-06,4.4311307401123656e-10,4.595040081767365e-06,1.2034306710873022e-11,1.1171503999651833e-10,-5.456734584186052e-07,0.0,0.0,64,0.014693021774291992,0.08251116836471506,caa
0.0,0.0,0.0,-0.29739123582839966,-0.14996373653411865,0.0050443124771118175,False,0.0,"[0.0, 0.0]",0.147427499294281,"[0.0902555884198705, 0.2051645844630542]",0.0,"[0.0, 0.0]",0.003907651640474796,1.0,6.61933119427971e-10,1.141359629031058e-08,5.3845422343101745e-08,-0.0005201578023843467,-3.372751393726503e-07,-2.7229385523241945e-05,8.888720185495913e-05,8.888720185495913e-05,9.550306003802689e-07,-2.9988765163579956e-05,7.134492552296479e-09,1.813081773605063e-08,3.969470526499208e-06,0.0,0.0,64,0.035044312477111816,0.20393597628066495,caa
0.0,0.0,0.0,-0.29739123582839966,-7.367749640252441e-05,0.02574244260787964,False,0.0,"[0.0, 0.0]",0.2973175644874573,"[0.240139942959361, 0.35778539359039313]",0.0,"[0.0, 0.0]",0.008142742328345776,1.5,-2.6289914689670013e-11,-2.9624456221455375e-09,1.0775819347941251e-08,-0.0005946249584667385,-4.321208564306289e-07,-2.7642090572044253e-05,0.0009646809194236994,0.0009646809194236994,2.4550948296564457e-07,-3.105158975813538e-05,1.2269661675556875e-10,1.0732176258798631e-09,-1.15292357349972e-06,0.0,0.0,64,0.05574244260787964,0.325466728619459,caa
0.0,0.0,0.0,-0.29739123582839966,5.396938149715425e-07,0.036550493240356446,False,0.0,"[0.0, 0.0]",0.29739177227020264,"[0.24017947851730526, 0.357870547273248]",0.0,"[0.0, 0.0]",0.01263787318021059,2.0,-4.585474361329389e-12,-3.1256521815237193e-09,8.946757223959878e-10,-0.0005946251912973821,-4.323121913785144e-07,-2.764287455647718e-05,0.00039718011976219714,0.00039718011976219714,2.2144384104194614e-07,-3.1054685678100213e-05,1.1947333400375015e-10,2.8006796881641094e-10,-1.2119290886403178e-06,0.0,0.0,64,0.06655049324035645,0.4566635734443585,caa
0.0,0.0,0.0,-0.29739123582839966,1.401628111352693e-07,0.02799558758735657,False,0.0,"[0.0, 0.0]",0.2973913550376892,"[0.24017932742395126, 0.3578703427379462]",0.0,"[0.0, 0.0]",0.01560103427618742,3.0,-5.285380813568885e-11,-3.1949931589281277e-09,1.6001699965073612e-11,-0.0005946251912973821,-4.323968028074887e-07,-2.7642905479297042e-05,3.535592622938566e-05,3.535592622938566e-05,9.389500377210425e-08,-3.105472569586709e-05,-1.1926355736324723e-11,-1.2568258933587373e-10,-1.215083329952904e-06,0.0,0.0,64,0.05799558758735657,0.9534485866718416,caa
0.0,0.0,1.0,-0.29739123582839966,-0.27608954906463623,0.0,True,0.0,"[0.0, 0.0]",0.021301675587892532,"[-0.002919779408806633, 0.0475791558925305]",0.0,"[0.0, 0.0]",0.03198990598320961,2.0,1.9967916387031437e-07,1.3963906440039864e-06,5.499584290191706e-07,0.002129768952727318,2.3688031433266588e-05,2.2203263142728247e-05,2.954274407329649e-07,0.002129768952727318,1.493565093824145e-08,0.0005935386288911104,1.929705035763618e-07,5.689356044058513e-07,1.953537321242038e-05,0.0,0.0,64,-0.033616602420806885,0.07089420452213346,outside_window
0.0,0.0,1.0,-0.29739123582839966,-0.24728119373321533,0.0,True,0.0,"[0.0, 0.0]",0.05011004954576492,"[0.01903091535470338, 0.08206653056884576]",0.0,"[0.0, 0.0]",0.2916138172149658,4.0,7.383661682069942e-08,0.00023700956080574542,1.0317169653717428e-05,0.005817339289933443,3.5700806620297953e-05,1.3648250387632288e-05,4.7682620788691565e-05,0.005817339289933443,3.734320443982142e-06,0.0005481928819790483,6.857061976006662e-07,0.0019172795582562685,7.32556072762236e-05,0.0,0.0,64,-0.03884774446487427,0.2819730078347502,outside_window
0.0,0.0,1.0,-0.29739123582839966,-0.06060629338026047,0.02861857533454895,False,0.0,"[0.0, 0.0]",0.23678496479988098,"[0.18594932360636846, 0.28919089863716463]",0.0,"[0.0, 0.0]",0.6931639909744263,6.0,1.0173155828852032e-07,3.472850221442059e-05,5.581022924161516e-05,-0.0005184127949178219,1.616438112250762e-06,-2.0344697986729443e-05,0.003048753133043647,0.003048753133043647,8.313883881783113e-05,0.0010420391336083412,1.1438786486905883e-06,2.273357267768006e-06,0.00012155620061093941,0.0,0.0,64,0.05861857533454895,1.3729806481471138,outside_window
0.0,0.0,1.0,-0.29739123582839966,-0.0010127101559191942,0.2282872211933136,False,0.0,"[0.0, 0.0]",0.29637855291366577,"[0.23880468661162196, 0.3566938106192992]",0.0,"[0.0, 0.0]",1.0818114280700684,8.0,1.0928603160209605e-06,0.0011596149997785687,1.2812443856091704e-05,-0.000525518786162138,1.0173256669077091e-05,-1.728912684484385e-05,0.0006945254281163216,0.0012768239248543978,0.00012284937838558108,-9.973722626455128e-06,1.49211132338678e-06,0.0012768239248543978,0.0004712261143140495,0.0,0.0,64,0.22313573956489563,4.786095464459652,outside_window
0.0,0.0,1.0,-0.29739123582839966,-0.0004222152638249099,1.1527759146690368,False,0.0,"[0.0, 0.0]",0.29696905612945557,"[0.23981304861100056, 0.3573816592795189]",0.0,"[0.0, 0.0]",1.809644341468811,12.0,1.7656147974776104e-06,6.33701347396709e-05,3.70913403457962e-05,-0.0005489219911396503,2.872070217563305e-05,-7.011039997451007e-06,0.0004154047928750515,0.0019679944962263107,0.0019679944962263107,3.063577605644241e-05,5.192681783228181e-06,0.00012385152513161302,0.0005453092162497342,0.0,0.0,64,0.4197915196418762,9.345274169245645,outside_window
0.0,0.0,1.0,-0.29739123582839966,-0.002552368212491274,1.6224354219436645,False,0.0,"[0.0, 0.0]",0.29483887553215027,"[0.23763241287253506, 0.3547059009958523]",0.0,"[0.0, 0.0]",2.111258029937744,16.0,1.8687371721171075e-06,0.00036732174339704216,1.562036959512625e-05,-0.0005150696961209178,1.4457420547842048e-05,-2.20591409743065e-05,0.008053256198763847,0.06803115457296371,0.06803115457296371,-1.730311123537831e-05,7.086889127094764e-06,0.00012732506729662418,0.0039274487644433975,0.0,0.0,64,0.5878373384475708,6.485383691576398,outside_window
