DEFAULT_base,DEFAULT_edit,beta,dM_base,dM_edit,excess,feasible,gain_DEFAULT,gain_DEFAULT_ci,gain_dM,gain_dM_ci,gain_lid,gain_lid_ci,kl_offdecision,lam,leak_am,leak_ar,leak_bn,leak_de,leak_es,leak_fr,leak_hi,leak_max,leak_mr,leak_ne,leak_sw,leak_ur,leak_zh,lid_base,lid_edit,n,util_nll,util_nll_all,variant
0.0,0.0,0.0,-0.4919169843196869,-0.010026730597019196,0.0,True,0.0,"[0.0, 0.0]",0.4818902611732483,"[0.4279013336357821, 0.5307784946811808]",0.0,"[0.0, 0.0]",0.0030106783378869295,2.0,0.0,0.0011682751355692744,0.00015414864174090326,0.0006980003090575337,0.0004830722464248538,0.000604017695877701,0.002266454044729471,0.004693137481808662,0.00020511774346232414,0.00010518205090193078,-0.0033709187991917133,0.00017360562924295664,0.004693137481808662,0.0,0.0,64,0.0009031295776367188,0.1327899230474776,full
0.0,0.0,0.5,-0.4919169843196869,-0.005548645742237568,0.0,True,0.0,"[0.0, 0.0]",0.4863683581352234,"[0.43198749829898586, 0.5352017652359791]",0.0,"[0.0, 0.0]",0.003430250333622098,2.0,0.0,0.0010669926414266229,0.0001138292791438289,0.0005909245810471475,0.00042030136683024466,0.0005080593982711434,0.0019906831439584494,0.0044564842246472836,0.00018765985441859812,9.131861588684842e-05,-0.0033032705541700125,0.00017650709196459502,0.0044564842246472836,0.0,0.0,64,0.003051385283470154,0.14548935639587324,full
0.0,0.0,1.0,-0.4919169843196869,-0.00405963696539402,0.0,True,0.0,"[0.0, 0.0]",0.4878573715686798,"[0.4335185802222895, 0.5364134934790399]",0.0,"[0.0, 0.0]",0.0037303161807358265,2.0,0.0,0.0010057025356218219,8.403362153330818e-05,0.0010475427843630314,0.0004213671199977398,0.0004930152208544314,0.0016726080793887377,0.00449363375082612,0.00014668176299892366,8.692368282936513e-05,-0.003331483341753483,0.00017209320503752679,0.00449363375082612,0.0,0.0,64,0.005260974168777466,0.16007783230055472,full
0.0,0.0,0.0,-0.4919169843196869,-4.198142505629221e-06,0.0,True,0.0,"[0.0, 0.0]",0.49191275238990784,"[0.43748174136717355, 0.5412159275663725]",0.0,"[0.0, 0.0]",0.007924163714051247,4.0,0.0,0.00010362813191022724,4.62991556560155e-06,3.73102338926401e-05,-2.5413297407794744e-05,3.1676154321758077e-06,3.035853660549037e-05,0.0004749752697534859,5.1660495046235155e-06,6.3347256400447804e-06,-0.0035274107940495014,1.4825387552264147e-05,0.0004749752697534859,0.0,0.0,64,0.0043910592794418335,1.95898007161238,full
0.0,0.0,0.5,-0.4919169843196869,-1.9049225556955207e-06,0.0,True,0.0,"[0.0, 0.0]",0.4919150471687317,"[0.43748438876987167, 0.5412184404034632]",0.0,"[0.0, 0.0]",0.007952098734676838,4.0,0.0,6.577544991159812e-05,1.953136688825907e-06,2.379154830123298e-05,-3.695528721436858e-05,-7.623017154401168e-06,1.7195077816722915e-05,0.00033184175845235586,2.801241180350189e-06,3.5660680168803083e-06,-0.0035290373489260674,9.684375072538387e-06,0.00033184175845235586,0.0,0.0,64,0.0065952688455581665,2.0335332714021206,full
0.0,0.0,1.0,-0.4919169843196869,-9.93175831354165e-07,0.0,True,0.0,"[0.0, 0.0]",0.4919160008430481,"[0.4374854328114452, 0.5412194070566329]",0.0,"[0.0, 0.0]",0.00856522936373949,4.0,0.0,4.784399425261654e-05,9.296131224800774e-07,1.6714046068955213e-05,-4.286467446945608e-05,-1.2643886293517426e-05,9.714169209473766e-06,0.0002554009552113712,1.616223357814306e-06,1.9352689832885517e-06,-0.0035297104623168707,7.342521712416783e-06,0.0002554009552113712,0.0,0.0,64,0.0073218196630477905,2.106036746027795,full
0.0,0.0,0.0,-0.4919169843196869,-1.829331495173392e-07,0.0,True,0.0,"[0.0, 0.0]",0.49191683530807495,"[0.4374862370887058, 0.5412202265899395]",0.0,"[0.0, 0.0]",0.015163403004407883,6.0,0.0,2.6145644369535148e-05,3.646885602393013e-07,1.376315594825428e-06,-5.402722308645025e-05,-2.185607263527345e-05,5.367770882003242e-06,0.00015222204092424363,8.278811947093345e-07,1.1256255447733565e-06,-0.003531678346917033,3.994869075540919e-06,0.00015222204092424363,0.0,0.0,64,0.009148463606834412,3.7144503908401187,full
0.0,0.0,0.5,-0.4919169843196869,-1.042965465103407e-07,0.0,True,0.0,"[0.0, 0.0]",0.49191686511039734,"[0.43748633193617936, 0.5412203128063993]",0.0,"[0.0, 0.0]",0.015294447541236877,6.0,0.0,1.7716993170324713e-05,1.988612297054715e-07,-1.939680259965826e-06,-5.650451930705458e-05,-2.3920711100799963e-05,3.4623035389813595e-06,0.00011498845560709015,5.217486886976985e-07,7.184462447185069e-07,-0.0035319190938025713,2.8111610390624264e-06,0.00011498845560709015,0.0,0.0,64,0.011482924222946167,3.781346623531797,full
0.0,0.0,1.0,-0.4919169843196869,-6.30101055776322e-08,0.0,True,0.0,"[0.0, 0.0]",0.4919169247150421,"[0.4374863752292185, 0.5412203524261713]",0.0,"[0.0, 0.0]",0.01657705381512642,6.0,0.0,1.3703913282370195e-05,1.3784578811737447e-07,-3.7945646909065545e-06,-5.7781595387496054e-05,-2.5000827008625492e-05,2.4567752916482277e-06,9.334119386039674e-05,3.6297640804150433e-07,4.933964987685613e-07,-0.003532036207616329,2.2569065549760126e-06,9.334119386039674e-05,0.0,0.0,64,0.013316482305526733,3.833213880996813,full
0.0,0.0,0.0,-0.4919169843196869,-6.209413072610914e-08,0.0,True,0.0,"[0.0, 0.0]",0.4919169247150421,"[0.4374863728698074, 0.5412203515239525]",0.0,"[0.0, 0.0]",0.0246091578155756,8.0,0.0,1.5838480976526625e-05,1.5645932194274792e-07,-3.657176421256736e-06,-5.766683898400515e-05,-2.4787817892502062e-05,2.895366151278722e-06,0.0001047121622832492,4.337198902248929e-07,6.049115768291813e-07,-0.0035320851020514965,2.5880174234771403e-06,0.0001047121622832492,0.0,0.0,64,0.015066400170326233,4.671813530339437,full
0.0,0.0,0.5,-0.4919169843196869,-4.483985094339005e-08,0.0,True,0.0,"[0.0, 0.0]",0.4919169247150421,"[0.4374863883744638, 0.54122036548506]",0.0,"[0.0, 0.0]",0.026042930781841278,8.0,0.0,1.2205628081574105e-05,1.0459081778435575e-07,-4.883571818936616e-06,-5.8555502619128674e-05,-2.5538678528391756e-05,2.125456148860394e-06,8.679764869157225e-05,3.0648462256976927e-07,4.343378350313287e-07,-0.0035321591421961784,2.0760001007147366e-06,8.679764869157225e-05,0.0,0.0,64,0.018639877438545227,4.715112576769157,full
0.0,0.0,1.0,-0.4919169843196869,-3.5051037627908954e-08,0.0,True,0.0,"[0.0, 0.0]",0.4919169545173645,"[0.4374863998886667, 0.5412203862557362]",0.0,"[0.0, 0.0]",0.02686498872935772,8.0,0.0,1.045462613546988e-05,8.028764142409273e-08,-5.404379862739006e-06,-5.890495958738029e-05,-2.588605639175512e-05,1.7061619246305781e-06,7.661508425371721e-05,2.389879512065818e-07,3.391488405668497e-07,-0.003532183123752475,1.8367359189142007e-06,7.661508425371721e-05,0.0,0.0,64,0.020462706685066223,4.749372860586101,full
0.0,0.0,0.0,-0.4919169843196869,-4.105732642756266e-08,0.0,True,0.0,"[0.0, 0.0]",0.4919169247150421,"[0.4374863880457724, 0.5412203640335065]",0.0,"[0.0, 0.0]",0.053212765604257584,12.0,0.0,1.2813256034860387e-05,1.1224074825122443e-07,-5.050482286605984e-06,-5.859198063262738e-05,-2.5566634576534852e-05,2.0084873995074304e-06,8.489978063153103e-05,3.0024440889064863e-07,4.135526125992328e-07,-0.003532173577696085,2.1883042791159824e-06,8.489978063153103e-05,0.0,0.0,64,0.02921566367149353,5.563113211569461,full
0.0,0.0,0.5,-0.4919169843196869,-3.504489853867199e-08,0.0006512862443923961,False,0.0,"[0.0, 0.0]",0.4919169247150421,"[0.4374863984727654, 0.5412203775405942]",0.0,"[0.0, 0.0]",0.053998544812202454,12.0,0.0,1.1137169167341199e-05,9.071937512317163e-08,-5.430681540019577e-06,-5.8867724874289706e-05,-2.582662273198366e-05,1.6869081491677207e-06,7.548110443167388e-05,2.460671169046691e-07,3.4053960007440764e-07,-0.00353219429962337,1.9549488570191897e-06,7.548110443167388e-05,0.0,0.0,64,0.030651286244392395,5.595888667824593,full
0.0,0.0,1.0,-0.4919169843196869,-3.0552609331380154e-08,0.0028065305948257457,False,0.0,"[0.0, 0.0]",0.4919169545173645,"[0.4374864039158183, 0.5412203906053037]",0.0,"[0.0, 0.0]",0.0560014434158802,12.0,0.0,1.0017680324381217e-05,7.65216299214444e-08,-5.65169966648682e-06,-5.900457108509727e-05,-2.5986599212046713e-05,1.4572391364708892e-06,6.830713391536847e-05,2.0888413132524875e-07,2.8639124138862826e-07,-0.0035322026815265417,1.7952844473256846e-06,6.830713391536847e-05,0.0,0.0,64,0.032806530594825745,5.619357411495664,full
0.0,0.0,0.0,-0.4919169843196869,-3.835401685137185e-08,0.014132575392723085,False,0.0,"[0.0, 0.0]",0.4919169247150421,"[0.43748639142659157, 0.5412203656043857]",0.0,"[0.0, 0.0]",0.08361195772886276,16.0,0.0,1.263284866581671e-05,1.1271809086110807e-07,-5.050350409874227e-06,-5.8524317864794284e-05,-2.5600153094273992e-05,1.7894502661874867e-06,7.960326183820143e-05,2.7405187097429007e-07,3.651087752132298e-07,-0.0035321698524057865,2.1664884570782306e-06,7.960326183820143e-05,0.0,0.0,64,0.044132575392723083,5.976040654900399,full
0.0,0.0,0.5,-0.4919169843196869,-3.396663572630132e-08,0.015768097043037416,False,0.0,"[0.0, 0.0]",0.4919169247150421,"[0.43748639501345676, 0.5412203729902103]",0.0,"[0.0, 0.0]",0.08745235204696655,16.0,0.0,1.1275991710135713e-05,9.627113684018695e-08,-5.392845196183771e-06,-5.874539419892244e-05,-2.5803299649851397e-05,1.5586086874463945e-06,7.144821574911475e-05,2.3517195302247274e-07,3.110442321485607e-07,-0.0035321861505508423,1.9670235360536026e-06,7.144821574911475e-05,0.0,0.0,64,0.045768097043037415,6.002574876289477,full
0.0,0.0,1.0,-0.4919169843196869,-3.034876527863162e-08,0.018050686717033387,False,0.0,"[0.0, 0.0]",0.4919169545173645,"[0.43748640387925664, 0.5412203906336799]",0.0,"[0.0, 0.0]",0.08672802150249481,16.0,0.0,1.0335831575503107e-05,8.52904875614513e-08,-5.630804025713587e-06,-5.887645238544792e-05,-2.5940727937268093e-05,1.3948982768852147e-06,6.539285823237151e-05,2.0861288874129968e-07,2.7135399705002783e-07,-0.003532196395099163,1.8255065015182481e-06,6.539285823237151e-05,0.0,0.0,64,0.048050686717033386,6.0308208780532535,full
0.0,0.0,0.0,-0.4919169843196869,-0.010026730597019196,0.0,True,0.0,"[0.0, 0.0]",0.4818902611732483,"[0.4279013336357821, 0.5307784946811808]",0.0,"[0.0, 0.0]",0.0030106783378869295,2.0,0.0,0.0011682751355692744,0.00015414864174090326,0.0006980003090575337,0.0004830722464248538,0.000604017695877701,0.002266454044729471,0.004693137481808662,0.00020511774346232414,0.00010518205090193078,-0.0033709187991917133,0.00017360562924295664,0.004693137481808662,0.0,0.0,64,0.0009031295776367188,0.1327899230474776,pos_only
0.0,0.0,0.0,-0.4919169843196869,-4.198142505629221e-06,0.0,True,0.0,"[0.0, 0.0]",0.49191275238990784,"[0.43748174136717355, 0.5412159275663725]",0.0,"[0.0, 0.0]",0.007924163714051247,4.0,0.0,0.00010362813191022724,4.62991556560155e-06,3.73102338926401e-05,-2.5413297407794744e-05,3.1676154321758077e-06,3.035853660549037e-05,0.0004749752697534859,5.1660495046235155e-06,6.3347256400447804e-06,-0.0035274107940495014,1.4825387552264147e-05,0.0004749752697534859,0.0,0.0,64,0.0043910592794418335,1.95898007161238,pos_only
0.0,0.0,0.0,-0.4919169843196869,-1.829331495173392e-07,0.0,True,0.0,"[0.0, 0.0]",0.49191683530807495,"[0.4374862370887058, 0.5412202265899395]",0.0,"[0.0, 0.0]",0.015163403004407883,6.0,0.0,2.6145644369535148e-05,3.646885602393013e-07,1.376315594825428e-06,-5.402722308645025e-05,-2.185607263527345e-05,5.367770882003242e-06,0.00015222204092424363,8.278811947093345e-07,1.1256255447733565e-06,-0.003531678346917033,3.994869075540919e-06,0.00015222204092424363,0.0,0.0,64,0.009148463606834412,3.7144503908401187,pos_only
0.0,0.0,0.0,-0.4919169843196869,-6.209413072610914e-08,0.0,True,0.0,"[0.0, 0.0]",0.4919169247150421,"[0.4374863728698074, 0.5412203515239525]",0.0,"[0.0, 0.0]",0.0246091578155756,8.0,0.0,1.5838480976526625e-05,1.5645932194274792e-07,-3.657176421256736e-06,-5.766683898400515e-05,-2.4787817892502062e-05,2.895366151278722e-06,0.0001047121622832492,4.337198902248929e-07,6.049115768291813e-07,-0.0035320851020514965,2.5880174234771403e-06,0.0001047121622832492,0.0,0.0,64,0.015066400170326233,4.671813530339437,pos_only
0.0,0.0,0.0,-0.4919169843196869,-4.105732642756266e-08,0.0,True,0.0,"[0.0, 0.0]",0.4919169247150421,"[0.4374863880457724, 0.5412203640335065]",0.0,"[0.0, 0.0]",0.053212765604257584,12.0,0.0,1.2813256034860387e-05,1.1224074825122443e-07,-5.050482286605984e-06,-5.859198063262738e-05,-2.5566634576534852e-05,2.0084873995074304e-06,8.489978063153103e-05,3.0024440889064863e-07,4.135526125992328e-07,-0.003532173577696085,2.1883042791159824e-06,8.489978063153103e-05,0.0,0.0,64,0.02921566367149353,5.563113211569461,pos_only
0.0,0.0,0.0,-0.4919169843196869,-3.835401685137185e-08,0.014132575392723085,False,0.0,"[0.0, 0.0]",0.4919169247150421,"[0.43748639142659157, 0.5412203656043857]",0.0,"[0.0, 0.0]",0.08361195772886276,16.0,0.0,1.263284866581671e-05,1.1271809086110807e-07,-5.050350409874227e-06,-5.8524317864794284e-05,-2.5600153094273992e-05,1.7894502661874867e-06,7.960326183820143e-05,2.7405187097429007e-07,3.651087752132298e-07,-0.0035321698524057865,2.1664884570782306e-06,7.960326183820143e-05,0.0,0.0,64,0.044132575392723083,5.976040654900399,pos_only
0.0,0.0,0.0,-0.4919169843196869,-0.4919169843196869,0.0,True,0.0,"[0.0, 0.0]",0.0,"[0.0, 0.0]",0.0,"[0.0, 0.0]",0.0,1.0,0.0,0.0,0.0,0.0,0.0,0.0,0.0,0.0,0.0,0.0,0.0,0.0,0.0,0.0,0.0,64,0.0,0.0,neg_only
0.0,0.0,0.5,-0.4919169843196869,-0.47555407881736755,0.0,True,0.0,"[0.0, 0.0]",0.016362890601158142,"[-0.015931248404194777, 0.04876090796587959]",0.0,"[0.0, 0.0]",0.0007028121617622674,1.0,0.0,9.908103493216913e-07,1.895755730174642e-08,2.8642407414736226e-05,0.0002387010317761451,2.3756145310471766e-05,1.244249574483547e-07,0.00045156036503612995,3.177532903464453e-08,7.937687485082279e-08,0.00045156036503612995,2.8075990599063516e-07,7.12394012225559e-06,0.0,0.0,64,0.003394484519958496,0.0009420917115429139,neg_only
0.0,0.0,1.0,-0.4919169843196869,-0.4530779719352722,0.0,True,0.0,"[0.0, 0.0]",0.038839004933834076,"[-0.0042279574219719505, 0.07974548338461317]",0.0,"[0.0, 0.0]",0.0015474605606868863,1.0,0.0,4.185782472632127e-06,1.2849423569605278e-07,7.358811853919178e-05,0.0012109773233532906,6.451239460147917e-05,4.3777112068710267e-07,0.0012109773233532906,1.0765695890313509e-07,2.987504785778583e-07,-0.0005370406433939934,1.2878716688646819e-06,2.8200618544360623e-05,0.0,0.0,64,0.003819704055786133,0.006491544571789909,neg_only
0.0,0.0,1.0,-0.4919169843196869,-0.003084738738834858,0.0,True,0.0,"[0.0, 0.0]",0.4888322353363037,"[0.4348655152937681, 0.5374863044288758]",0.0,"[0.0, 0.0]",0.0036852508783340454,2.0,0.0,0.0008804781245999038,7.006999658187851e-05,0.0008329417905770242,0.0003519830934237689,0.0003980138571932912,0.0013584872940555215,0.003914174158126116,0.00012359520769678056,7.232620555441827e-05,-0.0034297688398510218,0.0001456266618333757,0.003914174158126116,0.0,0.0,64,0.004655599594116211,0.17965970493175776,sparse_only
0.0,0.0,1.0,-0.4919169843196869,-6.549017257384548e-07,0.0,True,0.0,"[0.0, 0.0]",0.491916298866272,"[0.43748577497553925, 0.5412197489000391]",0.0,"[0.0, 0.0]",0.009056062437593937,4.0,0.0,3.745088542927988e-05,7.19449190000887e-07,1.0225687219644897e-05,-4.763997276313603e-05,-1.667318429099396e-05,7.954253305797465e-06,0.0002050270268227905,1.2972981267012074e-06,1.5848518160055391e-06,-0.0035303940530866385,5.747871909989044e-06,0.0002050270268227905,0.0,0.0,64,0.00812181830406189,2.228097432377664,sparse_only
0.0,0.0,1.0,-0.4919169843196869,-4.958077681749273e-08,0.0,True,0.0,"[0.0, 0.0]",0.4919169247150421,"[0.4374863843228923, 0.5412203634252364]",0.0,"[0.0, 0.0]",0.01631793938577175,6.0,0.0,1.1413576430641115e-05,9.954403168421777e-08,-5.235764547251165e-06,-5.870928362128325e-05,-2.5781795557122678e-05,2.080769036183483e-06,8.047018491197377e-05,3.028725075182592e-07,4.1369378322997363e-07,-0.003532130504027009,1.8935859316115966e-06,8.047018491197377e-05,0.0,0.0,64,0.013578176498413086,3.9507211653346364,sparse_only
0.0,0.0,1.0,-0.4919169843196869,-2.9434398030048214e-08,0.0,True,0.0,"[0.0, 0.0]",0.4919169545173645,"[0.4374864070417061, 0.5412203901578323]",0.0,"[0.0, 0.0]",0.02761947177350521,8.0,0.0,8.928132956498303e-06,5.99812963741897e-08,-6.38174105915823e-06,-5.9488935221452266e-05,-2.639505146362353e-05,1.4701250847792835e-06,6.745274004060775e-05,2.0319336613283667e-07,2.8792291573154216e-07,-0.003532237373292446,1.5802700090716826e-06,6.745274004060775e-05,0.0,0.0,64,0.021202966570854187,4.860189740292051,sparse_only
0.0,0.0,1.0,-0.4919169843196869,-2.5364645495074e-08,0.0043807488679885875,False,0.0,"[0.0, 0.0]",0.4919169545173645,"[0.4374864173818878, 0.5412204014974122]",0.0,"[0.0, 0.0]",0.05657298490405083,12.0,0.0,8.428221917711198e-06,5.543834546983817e-08,-6.705544365104288e-06,-5.963281000731513e-05,-2.6538258680375293e-05,1.2326289606789942e-06,5.881774995941669e-05,1.7502888738363254e-07,2.377633734340634e-07,-0.003532257629558444,1.5220526847770088e-06,5.881774995941669e-05,0.0,0.0,64,0.034380748867988586,5.727361569689079,sparse_only
0.0,0.0,1.0,-0.4919169843196869,-2.4876342763491266e-08,0.01847317934036255,False,0.0,"[0.0, 0.0]",0.4919169843196869,"[0.4374864230311687, 0.5412204070700681]",0.0,"[0.0, 0.0]",0.08966734260320663,16.0,0.0,8.595951840106864e-06,6.048971812333548e-08,-6.75309456710238e-06,-5.9565303672570735e-05,-2.6537429221207276e-05,1.1680389206958353e-06,5.561850412050262e-05,1.734204460035471e-07,2.2303737523543532e-07,-0.0035322564654052258,1.5300480527002946e-06,5.561850412050262e-05,0.0,0.0,64,0.04847317934036255,6.137741586362774,sparse_only
0.0,0.0,1.0,-0.4919169843196869,-0.49156880378723145,0.0,True,0.0,"[0.0, 0.0]",0.00034817971754819155,"[-0.0009115840335653047, 0.001738787298108944]",0.0,"[0.0, 0.0]",0.0011737562017515302,2.0,0.0,-1.734966303956753e-08,-5.17736964411597e-11,-1.0345502232667059e-08,7.572889444418252e-07,-2.5900808395817876e-06,1.240607616637135e-11,7.572889444418252e-07,-1.3028955692107047e-10,5.1604942541416676e-11,-2.6617199182510376e-06,-2.180911451432621e-09,-9.118843991018366e-08,0.0,0.0,64,-0.0008053481578826904,0.0004960318857973878,random
0.0,0.0,1.0,-0.4919169843196869,-0.4880099892616272,0.0,True,0.0,"[0.0, 0.0]",0.003906954079866409,"[-0.0008790375773514824, 0.012342839049233587]",0.0,"[0.0, 0.0]",0.0011887367581948638,4.0,0.0,-1.7085369563574204e-08,-4.419220545059943e-11,-4.491175786824897e-08,-2.502678398741409e-06,-2.7763435355154797e-06,4.908073947262892e-11,4.908073947262892e-11,-1.7884538294765662e-10,-1.616662359538168e-10,-6.052199751138687e-06,-2.0511379261733964e-09,-8.624328984296881e-08,0.0,0.0,64,-0.0007835030555725098,0.00024022534489631653,random
0.0,0.0,1.0,-0.4919169843196869,-0.4875357151031494,0.0,True,0.0,"[0.0, 0.0]",0.004381279461085796,"[-0.0005509351643922855, 0.012893735722172998]",0.0,"[0.0, 0.0]",0.0014187615597620606,6.0,0.0,-1.4111293467067298e-08,-1.404254490466883e-11,-1.5636032912880182e-08,-2.6886191335506737e-06,-2.8502236091298983e-06,3.0665248118566524e-10,2.5241170078516006e-06,-1.2948397909440246e-10,-1.1743495065275056e-10,2.5241170078516006e-06,-1.6130314861584338e-09,-4.4802391130360775e-08,0.0,0.0,64,0.0003895014524459839,0.0005652677606453604,random
0.0,0.0,1.0,-0.4919169843196869,-0.48405712842941284,0.0,True,0.0,"[0.0, 0.0]",0.0078598503023386,"[-0.00017502721475466386, 0.019600861175422323]",0.0,"[0.0, 0.0]",0.0013833449920639396,8.0,0.0,-1.4489103250525659e-08,-3.930367142856994e-11,-7.671769708395004e-08,6.449627107940614e-07,-2.9976617952343076e-06,3.9765524206814007e-10,6.449627107940614e-07,-9.524825372864143e-11,4.1891468072208227e-10,-1.231348142027855e-05,-1.4018155525263865e-09,-2.4572727852500975e-08,0.0,0.0,64,0.000891759991645813,-4.7460198402404785e-06,random
0.0,0.0,1.0,-0.4919169843196869,-0.4873897433280945,0.0,True,0.0,"[0.0, 0.0]",0.0045272475108504295,"[-0.000526828275542357, 0.013316153804953497]",0.0,"[0.0, 0.0]",0.0014086839510127902,12.0,0.0,-1.3112980923324358e-08,-3.69020369817008e-11,-2.4050950742093846e-07,3.696841304190457e-07,-3.0299015634227544e-06,4.022702171369019e-10,3.696841304190457e-07,-3.717381957812904e-11,5.019096249725408e-10,-7.95675441622734e-06,-1.2143317462687264e-09,-1.1601059668464586e-08,0.0,0.0,64,0.0006232559680938721,0.0012318468229337576,random
0.0,0.0,1.0,-0.4919169843196869,-0.4863521158695221,0.0,True,0.0,"[0.0, 0.0]",0.00556487962603569,"[-0.002654990044720762, 0.016946851914144644]",0.0,"[0.0, 0.0]",0.0013795902486890554,16.0,0.0,-7.974477966854465e-09,1.113065195568197e-11,-4.913708835374564e-07,3.8213038351386786e-06,-3.0729534046258777e-06,1.0288871976626979e-09,3.8213038351386786e-06,7.277556335338886e-11,3.9190695133584086e-10,-0.00011242716573178768,-3.240643309254665e-10,5.3397798183141276e-08,0.0,0.0,64,0.0002100616693496704,0.001994353465058607,random
0.0,0.0,0.0,-0.4919169843196869,-0.5257880687713623,0.0,True,0.0,"[0.0, 0.0]",-0.03387114033102989,"[-0.06361052003740042, -0.0036080832738207514]",0.0,"[0.0, 0.0]",0.002531972713768482,0.5,0.0,5.0261492106074e-06,1.948070007529168e-07,9.83428762992844e-05,0.00041620247066020966,4.195580550003797e-05,1.4480092431767844e-06,0.0011825112160295248,1.9498399694839463e-07,2.1266754401949584e-07,0.0011825112160295248,8.796808401712042e-07,2.9933060432085767e-05,0.0,0.0,64,-0.0008236020803451538,0.0032514408230781555,caa
0.0,0.0,0.0,-0.4919169843196869,-0.18593701720237732,0.0,True,0.0,"[0.0, 0.0]",0.30597996711730957,"[0.2420320572287892, 0.36975650284002765]",0.015625,"[0.0, 0.046875]",0.006480134092271328,1.0,0.0,0.0010220973053947091,0.0007565725245513022,0.0006275062332861125,0.00047873525181785226,0.0005332776927389205,0.00010471353743923828,0.002331996336579323,1.4646218005509581e-05,6.208656122907996e-05,-0.0024997154250741005,0.0001522227976238355,0.002331996336579323,0.0,0.015625,64,0.0018428266048431396,0.08756866644729278,caa
0.0,0.0,0.0,-0.4919169843196869,-0.004205499775707722,0.0,True,0.0,"[0.0, 0.0]",0.48771148920059204,"[0.4329790179051088, 0.5376796308815756]",0.109375,"[0.046875, 0.18789062499999787]",0.013560433872044086,1.5,0.0,0.0001386093208566308,5.9510100982151926e-05,0.00010394411947345361,4.0225437260232866e-05,0.00010132234456250444,3.3163691114168614e-05,0.0005469800671562552,9.43575105338823e-06,1.0756955816759728e-05,-0.0034639653749763966,2.7719977879314683e-05,0.0005469800671562552,0.0,0.109375,64,0.003396734595298767,0.28266055035320203,caa
0.0,0.0,0.0,-0.4919169843196869,-4.3094405555166304e-05,0.0,True,0.0,"[0.0, 0.0]",0.4918738603591919,"[0.4374326025634218, 0.5411770578866708]",0.0,"[0.0, 0.0]",0.023335356265306473,2.0,0.0,1.5690047803218476e-05,3.7823990624019643e-06,-2.387641870882362e-07,-5.331529973773286e-05,-1.875511952675879e-05,2.347591134821414e-06,7.213537173811346e-05,5.467962864713627e-07,7.248240194712707e-07,-0.0035280357114970684,2.9209752483438933e-06,7.213537173811346e-05,0.0,0.0,64,0.006122410297393799,0.7025734785605561,caa
0.0,0.0,0.0,-0.4919169843196869,-1.9446300569825326e-08,0.0,True,0.0,"[0.0, 0.0]",0.4919169545173645,"[0.4374864196596263, 0.5412204000400379]",0.0,"[0.0, 0.0]",0.053743064403533936,3.0,0.0,2.516547112918488e-07,5.681127035472855e-08,-1.2241735930729192e-05,-6.258150096982718e-05,-2.9197128242230974e-05,3.9843783383730624e-08,8.342487944901222e-07,7.643666144474537e-09,4.993946589593179e-09,-0.003532509319484234,4.531441533117686e-08,8.342487944901222e-07,0.0,0.0,64,0.016486600041389465,1.9215467372401194,caa
0.0,0.0,1.0,-0.4919169843196869,-0.5004626512527466,0.00178142011165619,False,0.0,"[0.0, 0.0]",-0.008545668795704842,"[-0.04555985100741964, 0.024329773338831708]",0.0,"[0.0, 0.0]",0.13049650192260742,2.0,0.0,-1.1461679605417885e-08,-3.282885074895603e-11,6.9103898567846045e-06,6.511630635941401e-05,-1.3116454283590429e-05,8.627861092236344e-09,6.511630635941401e-05,-2.7616753328629784e-10,3.403253145961571e-08,4.9669528380036354e-05,-6.9789081180715584e-09,-1.7928459783433937e-07,0.0,0.0,64,0.03178142011165619,0.10673380372199148,outside_window
0.0,0.0,1.0,-0.4919169843196869,-0.4994615912437439,0.4431917381286621,False,0.0,"[0.0, 0.0]",-0.007544566877186298,"[-0.05033653327132015, 0.029948278882284247]",0.0,"[0.0, 0.0]",0.5305683016777039,4.0,0.0,3.1336725214714534e-08,1.5844889844629506e-09,1.297612652706448e-05,7.248341717058793e-05,-1.0440497135277838e-05,1.8871080698090736e-08,0.0037878078874200583,1.991466547224263e-09,-2.3100055202007752e-09,0.0037878078874200583,8.011461716250778e-09,2.0638071873690933e-07,0.0,0.0,64,0.08619251847267151,0.7607012685726989,outside_window
0.0,0.0,1.0,-0.4919169843196869,-0.47195538878440857,1.6171336930990219,False,0.0,"[0.0, 0.0]",0.01996157318353653,"[-0.017212258814106464, 0.058527978370693706]",0.0,"[0.0, 0.0]",1.5388765335083008,6.0,0.0,8.334593985637184e-06,9.988228555357637e-08,0.000834581209346652,0.0001233920338563621,1.17726103781024e-05,9.364114816889924e-07,0.004187740385532379,1.4352217192481476e-07,2.169190906897711e-07,0.004187740385532379,2.305645921296673e-06,5.230538590694778e-05,0.0,0.0,64,0.2518262416124344,3.327245123345744,outside_window
0.0,0.0,1.0,-0.4919169843196869,-0.3028283715248108,2.076998786330223,False,0.0,"[0.0, 0.0]",0.1890885829925537,"[0.14381404592108993, 0.23264561739924827]",0.0,"[0.0, 0.0]",1.854033350944519,8.0,0.0,0.00019025125948246568,5.320211130310781e-06,0.0007539878133684397,0.0004273373633623123,0.0003560956392902881,4.611203257809393e-05,0.002353992313146591,6.662794021394802e-06,4.3672946048900485e-05,-0.0023755377624183893,4.897735925624147e-05,0.002353992313146591,0.0,0.0,64,0.3965345174074173,5.674452008510178,outside_window
0.0,0.0,1.0,-0.4919169843196869,-7.960346692925668e-08,2.3535638314485547,False,0.0,"[0.0, 0.0]",0.4919169247150421,"[0.4374864231779611, 0.5412203839739959]",0.0,"[0.0, 0.0]",1.9817280769348145,12.0,0.0,5.143176622368628e-07,2.4414957167095963e-08,-1.1972493666689843e-05,-6.241368100745603e-05,-2.9033366445219144e-05,5.2765869895665674e-08,5.143176622368628e-07,9.230830322337624e-09,1.8068783802505095e-08,-0.0035322268959134817,1.2929271520079055e-07,3.6215033105690964e-07,0.0,0.0,64,0.5454048365354538,8.365426980975,outside_window
0.0,0.0,1.0,-0.4919169843196869,-2.253707442889663e-08,2.799153314232826,False,0.0,"[0.0, 0.0]",0.4919169843196869,"[0.43748642840073443, 0.5412204050677246]",0.0,"[0.0, 0.0]",2.2634646892547607,16.0,0.0,3.5858388969245425e-07,1.0840674136147754e-08,-1.2172198694315739e-05,-6.25475513515994e-05,-2.9121791158104315e-05,4.741029613342107e-08,3.5858388969245425e-07,5.383874679409928e-09,5.629715360555565e-09,-0.0035324583295732737,8.482769686679603e-08,-2.5932058633770794e-07,0.0,0.0,64,0.7092577069997787,9.645992567932064,outside_window
